Company,Stock Ticker,Company Name,Sector,Company HQ,Market Cap,Price,52 Week Low,52 Week High,Average Volume,P/E,Beta,Shares Outstanding
APPLE INC. (XNAS:AAPL),AAPL,APPLE INC.,Information Technology,United States,"2,351,379,000,000",147.81,129.04,182.94,"84,974,065",24.2228,1.2205,"15,908,120,000"
MICROSOFT CORPORATION (XNAS:MSFT),MSFT,MICROSOFT CORPORATION,Information Technology,United States,"1,901,040,000,000",255.02,213.431,344.3,"29,276,130",27.4794,0.9339,"7,454,473,000"
ALPHABET INC. (XNAS:GOOGL),GOOGL,ALPHABET INC.,Communication Services,United States,"1,302,369,000,000",100.44,83.34,151.5466,"33,683,111",19.9485,1.0602,"12,943,000,000"
ALPHABET INC. (XNAS:GOOG),GOOG,ALPHABET INC.,Communication Services,United States,"1,302,369,000,000",100.83,83.45,152.1,"28,384,596",20.0197,1.0602,"12,943,000,000"
"AMAZON.COM, INC. (XNAS:AMZN)",AMZN,"AMAZON.COM, INC.",Consumer Discretionary,United States,"960,281,700,000",94.13,85.87,177.4995,"99,944,863",86.8666,1.1965,"10,201,650,000"
"BERKSHIRE HATHAWAY INC., (XNYS:BRK.B)",BRK.B,"BERKSHIRE HATHAWAY INC.,",Financials,United States,"696,277,600,000",316.15,259.85,362.1,"3,944,682",58.4052,0.9202,"1,464,240"
"TESLA, INC. (XNAS:TSLA)",TSLA,"TESLA, INC.",Consumer Discretionary,United States,"615,319,600,000",194.86,166.185,402.6663,"86,792,289",60.0299,1.9149,"3,157,752,000"
UNITEDHEALTH GROUP INCORPORATED (XNYS:UNH),UNH,UNITEDHEALTH GROUP INCORPORATED,Health Care,United States,"500,960,600,000",536.07,445.735,558.1,"3,537,862",26.2627,0.7363,"934,349,100"
JOHNSON & JOHNSON (XNYS:JNJ),JNJ,JOHNSON & JOHNSON,Health Care,United States,"467,678,800,000",178.88,155.72,186.69,"6,573,437",24.9037,0.5675,"2,614,484,000"
EXXON MOBIL CORPORATION (XNYS:XOM),XOM,EXXON MOBIL CORPORATION,Energy,United States,"452,403,500,000",109.86,57.96,114.6642,"18,090,916",8.9596,1.1189,"4,118,000,000"
WALMART INC. (XNYS:WMT),WMT,WALMART INC.,Consumer Staples,United States,"415,875,500,000",153.22,117.27,160.77,"7,129,158",47.3451,0.5281,"2,714,238,000"
NVIDIA CORPORATION (XNAS:NVDA),NVDA,NVIDIA CORPORATION,Information Technology,United States,"415,149,600,000",168.76,108.13,324.49,"49,803,041",71.7816,1.7491,"2,460,000,000"
VISA INC. (XNYS:V),V,VISA INC.,Information Technology,United States,"409,961,400,000",217.66,174.6,235.85,"7,655,788",31.1388,0.9533,"1,883,495,000"
JPMORGAN CHASE & CO. (XNYS:JPM),JPM,JPMORGAN CHASE & CO.,Financials,United States,"396,452,000,000",135.16,101.28,169.81,"10,783,190",11.4122,1.1332,"2,933,205,000"
THE PROCTER & GAMBLE COMPANY (XNYS:PG),PG,THE PROCTER & GAMBLE COMPANY,Consumer Staples,United States,"356,900,500,000",150.61,122.18,165.35,"6,443,647",26.108,0.4185,"2,369,700,000"
ELI LILLY AND COMPANY (XNYS:LLY),LLY,ELI LILLY AND COMPANY,Health Care,United States,"356,088,700,000",374.675,231.87,375.185,"3,255,716",56.3212,0.3541,"950,177,900"
CHEVRON CORPORATION (XNYS:CVX),CVX,CHEVRON CORPORATION,Energy,United States,"350,046,600,000",181.03,110.73,189.68,"7,912,638",10.2988,1.1898,"1,933,639,000"
MASTERCARD INCORPORATED. (XNYS:MA),MA,MASTERCARD INCORPORATED.,Information Technology,United States,"346,183,200,000",360.01,276.87,399.92,"2,734,900",35.9696,1.1099,"961,459,800"
"THE HOME DEPOT, INC. (XNYS:HD)",HD,"THE HOME DEPOT, INC.",Consumer Discretionary,United States,"334,282,800,000",327.92,264.51,420.61,"4,943,058",19.7656,0.9598,"1,019,186,000"
"Meta Platforms, Inc. (XNAS:META)",META,"Meta Platforms, Inc.",Communication Services,United States,"327,439,800,000",123.49,88.09,352.71,"54,304,240",11.7803,1.2007,"2,651,549,000"
BANK OF AMERICA CORPORATION (XNYS:BAC),BAC,BANK OF AMERICA CORPORATION,Financials,United States,"289,449,300,000",36.08,29.31,50.11,"34,124,021",11.4306,1.3923,"8,022,432,000"
ABBVIE INC. (XNYS:ABBV),ABBV,ABBVIE INC.,Health Care,United States,"289,429,500,000",163.64,119.21,175.91,"5,735,914",21.8022,0.6715,"1,768,480,000"
PFIZER INC. (XNYS:PFE),PFE,PFIZER INC.,Health Care,United States,"285,773,800,000",50.89,41.445,61.71,"20,700,595",9.656,0.6854,"5,613,314,000"
"MERCK & CO., INC. (XNYS:MRK)",MRK,"MERCK & CO., INC.",Health Care,United States,"278,995,000,000",110.04,71.5,110.98,"9,618,189",18.2299,0.4124,"2,535,396,000"
THE COCA-COLA COMPANY (XNYS:KO),KO,THE COCA-COLA COMPANY,Consumer Staples,United States,"278,282,400,000",64.35,54.015,67.2,"12,901,714",28.2113,0.5921,"4,324,513,000"
"PEPSICO, INC. (XNAS:PEP)",PEP,"PEPSICO, INC.",Consumer Staples,United States,"255,826,800,000",185.69,153.37,186.62,"4,712,416",26.3356,0.5878,"1,377,709,000"
Broadcom Inc. (XNAS:AVGO),AVGO,Broadcom Inc.,Information Technology,United States,"229,556,100,000",540.8,415.0682,677.76,"2,181,857",23.5565,1.1307,"424,475,100"
ORACLE CORPORATION (XNYS:ORCL),ORCL,ORACLE CORPORATION,Information Technology,United States,"224,725,500,000",83.35,60.78,106.34,"7,013,906",39.5988,1.0248,"2,696,166,000"
THERMO FISHER SCIENTIFIC INC. (XNYS:TMO),TMO,THERMO FISHER SCIENTIFIC INC.,Health Care,United States,"220,806,100,000",563.27,475.77,672.34,"1,609,839",31.6433,0.8442,"392,195,600"
COSTCO WHOLESALE CORPORATION (XNAS:COST),COST,COSTCO WHOLESALE CORPORATION,Consumer Staples,United States,"218,881,000,000",494.53,406.5101,612.27,"2,232,837",37.6362,0.7207,"442,604,200"
"CISCO SYSTEMS, INC. (XNAS:CSCO)",CSCO,"CISCO SYSTEMS, INC.",Information Technology,United States,"204,172,700,000",49.7,38.605,64.285,"19,627,276",17.9876,0.9814,"4,108,103,000"
MCDONALD'S CORPORATION (XNYS:MCD),MCD,MCDONALD'S CORPORATION,Consumer Discretionary,United States,"200,178,776,109",273.31,217.675,281.67,"3,295,269",34.4389,0.6367,"732,423,900"
DANAHER CORPORATION (XNYS:DHR),DHR,DANAHER CORPORATION,Health Care,United States,"199,629,200,000",274.23,233.708,331.23,"2,698,658",30.2715,0.8287,"727,962,700"
ACCENTURE PUBLIC LIMITED COMPANY (XNYS:ACN),ACN,ACCENTURE PUBLIC LIMITED COMPANY,Information Technology,Ireland,"199,521,400,000",300.13,242.95,417.37,"1,920,225",28.0138,1.2118,"664,783,100"
"T-MOBILE US, INC. (XNAS:TMUS)",TMUS,"T-MOBILE US, INC.",Communication Services,United States,"189,621,500,000",152.41,101.51,154.3786,"5,553,923",124.7963,0.5302,"1,244,154,000"
ABBOTT LABORATORIES (XNYS:ABT),ABT,ABBOTT LABORATORIES,Health Care,United States,"188,462,900,000",108.04,93.25,142.6,"5,192,500",24.2806,0.702,"1,743,574,000"
THE WALT DISNEY COMPANY (XNYS:DIS),DIS,THE WALT DISNEY COMPANY,Communication Services,United States,"181,319,800,000",99.43,86.28,160.32,"18,805,914",56.8795,1.2039,"1,823,592,000"
"NIKE, INC. (XNYS:NKE)",NKE,"NIKE, INC.",Consumer Discretionary,United States,"175,547,100,000",112.24,82.22,173.345,"7,340,483",31.8291,1.143,"1,564,591,000"
WELLS FARGO & COMPANY (XNYS:WFC),WFC,WELLS FARGO & COMPANY,Financials,United States,"175,054,000,000",45.94,36.54,60.3,"16,947,900",11.9325,1.1583,"3,810,491,000"
BRISTOL-MYERS SQUIBB COMPANY (XNYS:BMY),BMY,BRISTOL-MYERS SQUIBB COMPANY,Health Care,United States,"172,495,400,000",81.1,56.11,81.435,"9,547,851",26.444,0.3915,"2,126,160,000"
"NEXTERA ENERGY, INC. (XNYS:NEE)",NEE,"NEXTERA ENERGY, INC.",Utilities,United States,"169,306,300,000",85.2,67.22,93.73,"6,655,761",43.9942,0.4837,"1,987,164,000"
LINDE PUBLIC LIMITED COMPANY (XNYS:LIN),LIN,LINDE PUBLIC LIMITED COMPANY,Materials,United Kingdom,"166,778,900,000",337.35,262.47,352.18,"1,805,319",44.6554,0.8967,"494,379,500"
"UNITED PARCEL SERVICE, INC. (XNYS:UPS)",UPS,"UNITED PARCEL SERVICE, INC.",Industrials,United States,"163,806,800,000",189.39,154.8718,233.72,"3,012,282",14.8249,1.1133,"864,918,200"
Philip Morris International Inc. (XNYS:PM),PM,Philip Morris International Inc.,Consumer Staples,United States,"161,686,100,000",104.3,82.85,112.48,"3,995,845",18.5778,0.7276,"1,550,202,000"
TEXAS INSTRUMENTS INCORPORATED (XNAS:TXN),TXN,TEXAS INSTRUMENTS INCORPORATED,Information Technology,United States,"161,239,200,000",177.66,144.4589,199.86,"5,635,000",18.6057,1,"907,571,700"
VERIZON COMMUNICATIONS INC. (XNYS:VZ),VZ,VERIZON COMMUNICATIONS INC.,Communication Services,United States,"160,349,000,000",38.18,34.55,55.51,"21,272,839",8.3022,0.3575,"4,199,817,000"
ADOBE INC. (XNAS:ADBE),ADBE,ADOBE INC.,Information Technology,United States,"158,777,300,000",341.53,274.73,675.21,"3,326,408",33.677,1.2581,"464,900,000"
MORGAN STANLEY (XNYS:MS),MS,MORGAN STANLEY,Financials,United States,"155,659,100,000",92.06,72.05,109.73,"6,421,286",13.3691,1.3201,"1,690,109,000"
COMCAST CORPORATION (XNAS:CMCSA),CMCSA,COMCAST CORPORATION,Communication Services,United States,"155,037,400,000",35.86,28.39,53.315,"24,299,235",31.1813,1.0149,"4,323,409,000"
THE CHARLES SCHWAB CORPORATION (XNYS:SCHW),SCHW,THE CHARLES SCHWAB CORPORATION,Financials,United States,"153,931,300,000",82.46,59.35,96.24,"7,129,338",25.0389,0.9907,"1,866,739,000"
AMGEN INC. (XNAS:AMGN),AMGN,AMGEN INC.,Health Care,United States,"152,342,200,000",285.51,205.97,296.67,"3,041,821",22.8745,0.649,"533,579,200"
CONOCOPHILLIPS (XNYS:COP),COP,CONOCOPHILLIPS,Energy,United States,"152,245,000,000",122.12,66.06,138.49,"6,870,088",8.7704,1.3156,"1,246,071,000"
RAYTHEON TECHNOLOGIES CORPORATION (XNYS:RTX),RTX,RAYTHEON TECHNOLOGIES CORPORATION,Industrials,United States,"148,490,800,000",101,79.69,106.02,"4,368,244",33.6844,1.1331,"1,470,061,000"
HONEYWELL INTERNATIONAL INC. (XNAS:HON),HON,HONEYWELL INTERNATIONAL INC.,Industrials,United States,"147,292,400,000",219.08,166.63,221.89,"3,277,068",28.023,1.1275,"672,322,200"
"SALESFORCE, INC. (XNYS:CRM)",CRM,"SALESFORCE, INC.",Information Technology,United States,"144,560,000,000",144.59,136.04,270.57,"8,705,251",520.9933,1.108,"1,000,000,000"
"NETFLIX, INC. (XNAS:NFLX)",NFLX,"NETFLIX, INC.",Communication Services,United States,"142,589,000,000",320.41,162.71,632.455,"9,220,123",30.2103,1.2807,"445,020,500"
QUALCOMM INCORPORATED (XNAS:QCOM),QCOM,QUALCOMM INCORPORATED,Information Technology,United States,"140,864,900,000",125.66,101.93,193.58,"9,082,500",10.9999,1.2225,"1,121,000,000"
AT&T INC. (XNYS:T),T,AT&T INC.,Communication Services,United States,"135,555,500,000",19.02,14.46,21.53,"38,864,996",6.9998,0.5698,"7,127,000,000"
CVS HEALTH CORPORATION (XNYS:CVS),CVS,CVS HEALTH CORPORATION,Health Care,United States,"134,786,700,000",102.58,86.28,111.25,"6,379,960",43.5911,0.6774,"1,313,967,000"
DEERE & COMPANY (XNYS:DE),DE,DEERE & COMPANY,Industrials,United States,"134,493,800,000",445.61,283.81,448.3999,"1,832,997",19.1039,1.0982,"301,819,600"
INTERNATIONAL BUSINESS MACHINES CORPORATION (XNYS:IBM),IBM,INTERNATIONAL BUSINESS MACHINES CORPORATION,Information Technology,United States,"134,416,500,000",148.67,115.545,150.46,"4,475,875",91.7954,0.8847,"904,126,300"
UNION PACIFIC CORPORATION (XNYS:UNP),UNP,UNION PACIFIC CORPORATION,Industrials,United States,"132,016,200,000",214.73,183.7,278.94,"3,554,613",19.1471,1.1226,"614,800,800"
LOCKHEED MARTIN CORPORATION (XNYS:LMT),LMT,LOCKHEED MARTIN CORPORATION,Industrials,United States,"130,049,000,000",496.23,333.42,498.95,"1,469,319",22.7853,0.7448,"262,074,000"
"LOWE'S COMPANIES, INC. (XNYS:LOW)",LOW,"LOWE'S COMPANIES, INC.",Consumer Discretionary,United States,"129,914,300,000",214.84,170.12,263.31,"3,546,401",21.0662,1.1436,"604,702,600"
"THE GOLDMAN SACHS GROUP, INC. (XNYS:GS)",GS,"THE GOLDMAN SACHS GROUP, INC.",Financials,United States,"128,877,600,000",380.58,277.84,412.6599,"2,466,807",10.138,1.4013,"338,634,600"
"ELEVANCE HEALTH, INC. (XNYS:ELV)",ELV,"ELEVANCE HEALTH, INC.",Health Care,United States,"125,050,100,000",523.6,399.07,549.52,"1,205,520",20.5441,0.9048,"238,827,600"
CATERPILLAR INC. (XNYS:CAT),CAT,CATERPILLAR INC.,Industrials,United States,"122,884,300,000",236.13,160.6,239.85,"3,309,971",17.2468,1.1233,"520,409,400"
INTEL CORPORATION (XNAS:INTC),INTC,INTEL CORPORATION,Information Technology,United States,"121,375,100,000",29.41,24.59,56.28,"40,423,424",9.0778,0.7429,"4,127,000,000"
"ADVANCED MICRO DEVICES, INC. (XNAS:AMD)",AMD,"ADVANCED MICRO DEVICES, INC.",Information Technology,United States,"120,894,500,000",74.98,54.57,156.73,"78,291,226",44.9421,2.0066,"1,612,356,000"
STARBUCKS CORPORATION (XNAS:SBUX),SBUX,STARBUCKS CORPORATION,Consumer Discretionary,United States,"120,576,400,000",105.05,68.39,117.8,"7,726,640",37.0782,0.894,"1,147,800,000"
S&P Global Inc. (XNYS:SPGI),SPGI,S&P Global Inc.,Financials,United States,"117,222,800,000",359.8,279.32,484.21,"1,891,228",30.0836,1.0639,"325,800,000"
AMERICAN EXPRESS COMPANY (XNYS:AXP),AXP,AMERICAN EXPRESS COMPANY,Financials,United States,"117,128,700,000",156.785,130.65,199.55,"2,838,844",15.7489,1.1407,"747,232,700"
INTUIT INC. (XNAS:INTU),INTU,INTUIT INC.,Information Technology,United States,"114,595,100,000",407.92,339.36,684.0699,"2,144,399",62.1438,1.1503,"280,925,400"
"AUTOMATIC DATA PROCESSING, INC. (XNAS:ADP)",ADP,"AUTOMATIC DATA PROCESSING, INC.",Information Technology,United States,"111,962,000,000",269.9,192.26,270.875,"1,632,772",37.3891,0.8422,"414,827,800"
"GILEAD SCIENCES, INC. (XNAS:GILD)",GILD,"GILEAD SCIENCES, INC.",Health Care,United States,"111,665,300,000",89.03,57.165,89.07,"9,241,607",33.6672,0.4679,"1,254,244,000"
THE BOEING COMPANY (XNYS:BA),BA,THE BOEING COMPANY,Industrials,United States,"108,987,400,000",182.87,113.02,229.67,"7,656,400",0,1.4962,"595,983,200"
"PROLOGIS, INC. (XNYS:PLD)",PLD,"PROLOGIS, INC.",Real Estate,United States,"107,944,800,000",116.94,98.03,174.54,"3,643,305",21.6606,0.9728,"923,078,600"
"BLACKROCK, INC. (XNYS:BLK)",BLK,"BLACKROCK, INC.",Financials,United States,"107,086,400,000",712.98,503.1236,933.06,"925,559",19.6425,1.3129,"150,195,600"
MEDTRONIC PUBLIC LIMITED COMPANY (XNYS:MDT),MDT,MEDTRONIC PUBLIC LIMITED COMPANY,Health Care,Ireland,"105,906,400,000",79.62,75.83,114.44,"8,094,281",24.7235,0.7415,"1,330,149,000"
AMERICAN TOWER CORPORATION (XNYS:AMT),AMT,AMERICAN TOWER CORPORATION,Real Estate,United States,"102,139,900,000",219.4,178.17,294.4,"1,967,454",34.8181,0.5376,"465,605,600"
CIGNA CORPORATION (XNYS:CI),CI,CIGNA CORPORATION,Health Care,United States,"100,037,800,000",327.2,201.62,331.05,"2,055,201",15.5781,0.7166,"305,739,000"
"INTUITIVE SURGICAL, INC. (XNAS:ISRG)",ISRG,"INTUITIVE SURGICAL, INC.",Health Care,United States,"96,208,950,000",272.25,180.07,369.21,"2,089,492",72.098,1.3792,"353,384,600"
GENERAL ELECTRIC COMPANY (XNYS:GE),GE,GENERAL ELECTRIC COMPANY,Industrials,United States,"94,931,010,000",86.88,59.93,103.73,"5,468,639",0,1.2498,"1,092,668,000"
"Mondelez International, Inc. (XNAS:MDLZ)",MDLZ,"Mondelez International, Inc.",Consumer Staples,United States,"93,285,400,000",68.31,54.72,69.47,"5,998,711",30.3865,0.6871,"1,365,619,000"
"THE TJX COMPANIES, INC. (XNYS:TJX)",TJX,"THE TJX COMPANIES, INC.",Consumer Discretionary,United States,"92,659,880,000",80.23,53.69,81.1652,"6,281,903",27.9599,0.9092,"1,155,504,000"
STRYKER CORPORATION (XNYS:SYK),SYK,STRYKER CORPORATION,Health Care,United States,"91,992,820,000",243.11,188.84,280.43,"1,623,467",37.8132,0.9854,"378,400,000"
"APPLIED MATERIALS, INC. (XNAS:AMAT)",AMAT,"APPLIED MATERIALS, INC.",Information Technology,United States,"91,803,620,000",106.71,71.12,167.06,"8,026,754",14.3475,1.5505,"860,309,400"
CITIGROUP INC. (XNYS:C),C,CITIGROUP INC.,Financials,United States,"91,496,930,000",47.24,40.005,69.11,"16,585,110",6.3682,1.5747,"1,936,853,000"
Chubb Ltd (XNYS:CB),CB,Chubb Ltd,Financials,Switzerland,"90,962,420,000",219.16,173.78,222,"1,729,694",15.2941,0.7077,"415,050,300"
"MARSH & MCLENNAN COMPANIES, INC. (XNYS:MMC)",MMC,"MARSH & MCLENNAN COMPANIES, INC.",Financials,United States,"86,261,020,000",173.91,142.8,183.14,"1,676,307",26.0891,0.8956,"496,009,500"
"ANALOG DEVICES, INC. (XNAS:ADI)",ADI,"ANALOG DEVICES, INC.",Information Technology,United States,"85,882,580,000",168.63,133.48,187.69,"3,894,929",31.9935,1.1639,"509,295,900"
"Altria Group, Inc. (XNYS:MO)",MO,"Altria Group, Inc.",Consumer Staples,United States,"85,361,180,000",47.63,40.35,57.05,"7,711,661",18.5044,0.676,"1,792,173,000"
THE ESTEE LAUDER COMPANIES INC. (XNYS:EL),EL,THE ESTEE LAUDER COMPANIES INC.,Consumer Staples,United States,"85,281,710,000",239,186.47,374.2,"2,517,237",39.829,0.9832,"356,812,300"
"PAYPAL HOLDINGS, INC. (XNAS:PYPL)",PYPL,"PAYPAL HOLDINGS, INC.",Information Technology,United States,"85,114,470,000",74.66,67.58,197.69,"16,685,576",37.9671,1.3036,"1,140,028,000"
NORTHROP GRUMMAN CORPORATION (XNYS:NOC),NOC,NORTHROP GRUMMAN CORPORATION,Industrials,United States,"83,974,470,000",545.57,360.0101,556.27,"1,006,387",15.5068,0.6138,"153,912,200"
"REGENERON PHARMACEUTICALS, INC. (XNAS:REGN)",REGN,"REGENERON PHARMACEUTICALS, INC.",Health Care,United States,"83,461,350,000",766.39,538.01,769.63,"681,332",16.167,0.2057,"108,901,900"
"SERVICENOW, INC. (XNYS:NOW)",NOW,"SERVICENOW, INC.",Information Technology,United States,"83,399,740,000",412.32,337,672.97,"1,620,426",417.3228,0.973,"202,000,000"
VERTEX PHARMACEUTICALS INCORPORATED (XNAS:VRTX),VRTX,VERTEX PHARMACEUTICALS INCORPORATED,Health Care,United States,"82,492,930,000",321.37,203.04,323.61,"1,604,310",25.3634,0.432,"256,691,400"
"EOG RESOURCES, INC. (XNYS:EOG)",EOG,"EOG RESOURCES, INC.",Energy,United States,"81,629,520,000",139.01,77.9312,150.88,"3,808,385",10.9145,1.5307,"587,389,500"
BOOKING HOLDINGS INC. (XNAS:BKNG),BKNG,BOOKING HOLDINGS INC.,Consumer Discretionary,United States,"80,892,940,000",2085.44,1616.85,2715.66,"384,339",34.2426,1.2829,"38,789,390"
THE PROGRESSIVE CORPORATION (XNYS:PGR),PGR,THE PROGRESSIVE CORPORATION,Financials,United States,"77,531,600,000",132.51,94.11,134.5,"2,455,485",93.8137,0.4578,"585,100,000"
DUKE ENERGY CORPORATION (XNYS:DUK),DUK,DUKE ENERGY CORPORATION,Utilities,United States,"76,636,650,000",99.52,83.76,116.33,"3,292,538",20.1101,0.413,"770,062,700"
TARGET CORPORATION (XNYS:TGT),TGT,TARGET CORPORATION,Consumer Discretionary,United States,"75,564,510,000",164.11,137.16,254.87,"6,315,611",22.472,1.0125,"460,310,100"
Schlumberger N.V. (XNYS:SLB),SLB,Schlumberger N.V.,Energy,Curaçao,"74,856,220,000",52.83,27.65,56.04,"13,348,819",25.4955,1.8653,"1,418,000,000"
ZOETIS INC. (XNYS:ZTS),ZTS,ZOETIS INC.,Health Care,United States,"73,369,050,000",157.42,124.1483,249.27,"2,795,043",35.9802,0.7169,"466,072,000"
THE SOUTHERN COMPANY (XNYS:SO),SO,THE SOUTHERN COMPANY,Utilities,United States,"73,311,230,000",67.34,60.71,80.57,"4,507,921",21.3852,0.5116,"1,088,673,000"
"BECTON, DICKINSON AND COMPANY (XNYS:BDXB)",BDXB,"BECTON, DICKINSON AND COMPANY",Health Care,United States,"71,518,380,000",49.81,45.85,55.94,"62,348",0,0.6133,"283,375,800"
"AIR PRODUCTS AND CHEMICALS, INC. (XNYS:APD)",APD,"AIR PRODUCTS AND CHEMICALS, INC.",Materials,United States,"70,651,000,000",318.44,216.24,320.62,"1,217,994",31.585,0.8559,"221,866,000"
GENERAL DYNAMICS CORPORATION (XNYS:GD),GD,GENERAL DYNAMICS CORPORATION,Industrials,United States,"70,213,150,000",255.74,197.03,256.86,"1,039,250",21.2972,0.8868,"274,549,000"
3M COMPANY (XNYS:MMM),MMM,3M COMPANY,Industrials,United States,"70,192,820,000",126.99,107.07,181.78,"2,604,300",11.0671,1.0031,"552,742,900"
ILLINOIS TOOL WORKS INC. (XNYS:ITW),ITW,ILLINOIS TOOL WORKS INC.,Industrials,United States,"70,127,580,000",228.29,173.52,249.8121,"1,053,443",26.0579,1.1345,"307,186,400"
"MODERNA, INC. (XNAS:MRNA)",MRNA,"MODERNA, INC.",Health Care,United States,"70,055,300,000",182.35,115.03,321.305,"4,246,377",6.5939,1.7359,"384,180,500"
"WASTE MANAGEMENT, INC. (XNYS:WM)",WM,"WASTE MANAGEMENT, INC.",Industrials,United States,"69,703,120,000",169.81,138.58,175.98,"1,796,662",31.5492,0.7242,"410,477,100"
HUMANA INC. (XNYS:HUM),HUM,HUMANA INC.,Health Care,United States,"69,222,520,000",546.78,351.2,571.3,"1,178,782",24.8011,0.7525,"126,600,300"
U.S. BANCORP (XNYS:USB),USB,U.S. BANCORP,Financials,United States,"67,812,980,000",45.64,38.39,63.57,"9,406,252",10.8752,0.9868,"1,485,823,000"
"HCA HEALTHCARE, INC. (XNYS:HCA)",HCA,"HCA HEALTHCARE, INC.",Health Care,United States,"67,577,770,000",239.03,164.47,279.02,"1,300,306",13.4977,1.6961,"282,716,700"
CSX Corporation (XNAS:CSX),CSX,CSX Corporation,Industrials,United States,"67,382,200,000",32.05,25.8,38.63,"14,318,022",17.0445,1.2464,"2,102,409,000"
"FISERV, INC. (XNAS:FISV)",FISV,"FISERV, INC.",Information Technology,United States,"66,970,060,000",105.46,87.03,110.99,"4,212,753",33.122,0.8767,"635,028,100"
THE SHERWIN-WILLIAMS COMPANY (XNYS:SHW),SHW,THE SHERWIN-WILLIAMS COMPANY,Materials,United States,"66,794,220,000",257.62,195.24,354.15,"1,641,037",34.87,1.0784,"259,143,400"
BOSTON SCIENTIFIC CORPORATION (XNYS:BSX),BSX,BOSTON SCIENTIFIC CORPORATION,Health Care,United States,"66,745,700,000",46.605,34.98,47.495,"6,389,238",112.2729,0.8541,"1,432,311,000"
"THE PNC FINANCIAL SERVICES GROUP, INC. (XNYS:PNC)",PNC,"THE PNC FINANCIAL SERVICES GROUP, INC.",Financials,United States,"66,237,090,000",164.23,143.5213,228.1425,"2,105,143",12.863,1.1425,"403,319,000"
COLGATE-PALMOLIVE COMPANY (XNYS:CL),CL,COLGATE-PALMOLIVE COMPANY,Consumer Staples,United States,"65,288,700,000",78.155,67.84,85.61,"3,711,215",34.0928,0.5149,"835,214,200"
EATON CORPORATION PUBLIC LIMITED COMPANY (XNYS:ETN),ETN,EATON CORPORATION PUBLIC LIMITED COMPANY,Industrials,United States,"64,948,390,000",163.31,122.5,174.47,"2,023,362",28.5869,1.1681,"397,700,000"
"EQUINIX, INC. (XNAS:EQIX)",EQIX,"EQUINIX, INC.",Real Estate,United States,"63,987,330,000",691.47,494.89,853.42,"517,381",90.4958,0.5846,"92,538,120"
CME GROUP INC. (XNAS:CME),CME,CME GROUP INC.,Financials,United States,"63,538,220,000",176.63,166.58,256.94,"2,219,787",24.1087,0.4042,"359,725,000"
Aon plc (XNYS:AON),AON,Aon plc,Financials,United Kingdom,"63,458,340,000",306.78,246.21,341.98,"766,260",23.819,0.8856,"206,852,900"
LAM RESEARCH CORPORATION (XNAS:LRCX),LRCX,LAM RESEARCH CORPORATION,Information Technology,United States,"62,416,730,000",457.67,299.592,731.8492,"1,794,162",13.1249,1.4193,"136,379,300"
OCCIDENTAL PETROLEUM CORPORATION (XNYS:OXY),OXY,OCCIDENTAL PETROLEUM CORPORATION,Energy,United States,"61,997,040,000",68.24,26.05,77.1299,"14,818,495",5.6465,1.8054,"908,914,100"
"CHARTER COMMUNICATIONS, INC. (XNAS:CHTR)",CHTR,"CHARTER COMMUNICATIONS, INC.",Communication Services,United States,"61,130,950,000",392.69,297.66,693.09,"1,285,180",12.2662,1.1042,"155,672,300"
"INTERCONTINENTAL EXCHANGE, INC. (XNYS:ICE)",ICE,"INTERCONTINENTAL EXCHANGE, INC.",Financials,United States,"61,021,770,000",109.22,88.6,138.46,"2,388,008",24.19,0.9176,"558,551,600"
CROWN CASTLE INC. (XNYS:CCI),CCI,CROWN CASTLE INC.,Real Estate,United States,"60,700,340,000",140.17,121.71,209.865,"2,371,883",37.6913,0.6209,"433,048,000"
"METLIFE, INC. (XNYS:MET)",MET,"METLIFE, INC.",Financials,United States,"60,344,060,000",76.91,57.41,77.36,"4,060,630",28.8967,1.0695,"784,606,200"
Truist Financial Corporation (XNYS:TFC),TFC,Truist Financial Corporation,Financials,United States,"59,784,070,000",45.06,40.005,68.95,"6,516,057",10.3338,1.0723,"1,326,766,000"
"MICRON TECHNOLOGY, INC. (XNAS:MU)",MU,"MICRON TECHNOLOGY, INC.",Information Technology,United States,"59,446,380,000",54.68,48.45,98.45,"15,755,492",7.0704,1.2786,"1,087,169,000"
"ACTIVISION BLIZZARD, INC. (XNAS:ATVI)",ATVI,"ACTIVISION BLIZZARD, INC.",Communication Services,United States,"59,291,700,000",75.76,57.24,86.9,"6,690,261",35.5916,0.4911,"782,625,300"
NORFOLK SOUTHERN CORPORATION (XNYS:NSC),NSC,NORFOLK SOUTHERN CORPORATION,Industrials,United States,"58,820,820,000",254.07,203.65,299.195,"1,251,815",18.6972,1.332,"231,514,200"
FREEPORT-MCMORAN INC. (XNYS:FCX),FCX,FREEPORT-MCMORAN INC.,Materials,United States,"57,487,540,000",40.22,24.8,51.99,"14,683,207",15.2327,1.9868,"1,429,327,000"
EMERSON ELECTRIC CO. (XNYS:EMR),EMR,EMERSON ELECTRIC CO.,Industrials,United States,"57,288,920,000",96.87,72.405,100,"3,812,039",17.8809,1.4399,"591,400,000"
PIONEER NATURAL RESOURCES COMPANY (XNYS:PXD),PXD,PIONEER NATURAL RESOURCES COMPANY,Energy,United States,"56,883,510,000",239.41,166.97,288.46,"2,324,398",8.5417,1.4603,"237,598,700"
GENERAL MOTORS COMPANY (XNYS:GM),GM,GENERAL MOTORS COMPANY,Consumer Discretionary,United States,"56,685,800,000",39.895,30.33,67.21,"13,240,857",6.7723,1.3115,"1,420,697,000"
FORD MOTOR COMPANY (XNYS:F),F,FORD MOTOR COMPANY,Consumer Discretionary,United States,"55,724,050,000",13.86,10.61,25.87,"49,438,827",6.2778,1.4119,"4,020,494,000"
MARATHON PETROLEUM CORPORATION (XNYS:MPC),MPC,MARATHON PETROLEUM CORPORATION,Energy,United States,"55,409,770,000",118.32,59.96,127.62,"3,565,939",5.1893,1.6018,"468,660,800"
MOODY'S CORPORATION (XNYS:MCO),MCO,MOODY'S CORPORATION,Financials,United States,"55,276,940,000",301.73,230.16,403.73,"793,727",36.0565,1.2419,"183,200,000"
KLA Corporation (XNAS:KLAC),KLAC,KLA Corporation,Information Technology,United States,"55,207,790,000",389.56,250.2,457.12,"1,619,975",17.5974,1.3736,"141,718,300"
DOLLAR GENERAL CORPORATION (XNYS:DG),DG,DOLLAR GENERAL CORPORATION,Consumer Discretionary,United States,"55,030,480,000",243.96,183.25,262.205,"2,021,416",24.3026,0.3821,"225,571,700"
MCKESSON CORPORATION (XNYS:MCK),MCK,MCKESSON CORPORATION,Health Care,United States,"54,932,700,000",386.85,219.23,401.78,"1,188,529",27.3297,0.6319,"142,000,000"
KEURIG DR PEPPER INC. (XNAS:KDP),KDP,KEURIG DR PEPPER INC.,Consumer Staples,United States,"54,865,570,000",38.74,33.35,41.31,"7,649,088",30.3515,0.6535,"1,416,251,000"
MONSTER BEVERAGE CORPORATION (XNAS:MNST),MNST,MONSTER BEVERAGE CORPORATION,Consumer Staples,United States,"54,282,210,000",104.04,71.775,104.65,"2,584,087",45.9427,0.9101,"521,743,600"
"O'Reilly Automotive, Inc. (XNAS:ORLY)",ORLY,"O'Reilly Automotive, Inc.",Consumer Discretionary,United States,"53,715,790,000",858.41,562.9,870.92,"458,475",26.2024,0.9651,"62,575,910"
"SYNOPSYS, INC. (XNAS:SNPS)",SNPS,"SYNOPSYS, INC.",Information Technology,United States,"53,052,400,000",348.17,255.02,391.17,"855,987",55.2952,1.1962,"152,375,000"
"MARRIOTT INTERNATIONAL, INC. (XNAS:MAR)",MAR,"MARRIOTT INTERNATIONAL, INC.",Consumer Discretionary,United States,"52,428,460,000",165.63,131.01,195.9,"2,009,236",25.2755,1.5594,"316,539,600"
SEMPRA ENERGY (XNYS:SRE),SRE,SEMPRA ENERGY,Utilities,United States,"52,157,340,000",165.93,124.31,176.47,"1,228,408",23.29,0.6879,"314,333,400"
PUBLIC STORAGE (XNYS:PSA),PSA,PUBLIC STORAGE,Real Estate,United States,"51,953,840,000",295.8,270.73,405.3076,"955,294",12.0229,0.3953,"175,638,400"
"GENERAL MILLS, INC. (XNYS:GIS)",GIS,"GENERAL MILLS, INC.",Consumer Staples,United States,"51,352,700,000",86.52,61.67,86.73,"4,085,093",18.1969,0.3202,"593,535,600"
PHILLIPS 66 (XNYS:PSX),PSX,PHILLIPS 66,Energy,United States,"50,410,950,000",106.66,68.57,113.53,"3,484,179",4.8813,1.4268,"472,632,200"
"Dominion Energy, Inc. (XNYS:D)",D,"Dominion Energy, Inc.",Utilities,United States,"50,388,150,000",60.47,57.95,88.78,"6,554,337",28.5944,0.4339,"833,275,200"
ARCHER-DANIELS-MIDLAND COMPANY (XNYS:ADM),ADM,ARCHER-DANIELS-MIDLAND COMPANY,Consumer Staples,United States,"50,379,440,000",91.71,62.74,98.88,"2,619,123",12.6591,0.8484,"549,334,200"
VALERO ENERGY CORPORATION (XNYS:VLO),VLO,VALERO ENERGY CORPORATION,Energy,United States,"48,988,440,000",127.11,65.1314,146.805,"3,929,628",5.4178,1.6381,"385,523,300"
"AMERICAN ELECTRIC POWER COMPANY, INC. (XNAS:AEP)",AEP,"AMERICAN ELECTRIC POWER COMPANY, INC.",Utilities,United States,"48,878,710,000",95.12,80.3,105.6,"3,394,057",19.7254,0.4242,"513,863,700"
"AUTOZONE, INC. (XNYS:AZO)",AZO,"AUTOZONE, INC.",Consumer Discretionary,United States,"48,812,450,000",2571.59,1703.3203,2610.05,"135,331",21.9446,0.7517,"18,981,430"
THE KRAFT HEINZ COMPANY (XNAS:KHC),KHC,THE KRAFT HEINZ COMPANY,Consumer Staples,United States,"48,788,970,000",39.83,32.73,44.87,"6,439,838",50.3374,0.7703,"1,224,930,000"
CENTENE CORPORATION (XNYS:CNC),CNC,CENTENE CORPORATION,Health Care,United States,"48,579,420,000",85.79,71.69,98.53,"3,531,873",25.0389,0.5841,"566,259,700"
"CONSTELLATION BRANDS, INC. (XNYS:STZ)",STZ,"CONSTELLATION BRANDS, INC.",Consumer Staples,United States,"48,154,770,000",261.02,207.5916,261.525,"984,812",805.685,0.9829,"184,465,700"
THE HERSHEY COMPANY (XNYS:HSY),HSY,THE HERSHEY COMPANY,Consumer Staples,United States,"48,139,030,000",234.73,179.89,241.45,"1,133,008",30.6538,0.3488,"205,082,600"
"CORTEVA, INC. (XNYS:CTVA)",CTVA,"CORTEVA, INC.",Materials,United States,"48,092,460,000",67.31,43.74,68.43,"3,276,720",35.1275,0.7426,"714,492,000"
AMPHENOL CORPORATION (XNYS:APH),APH,AMPHENOL CORPORATION,Information Technology,United States,"47,976,520,000",80.62,61.67,88.4499,"2,233,215",27.169,1.2511,"595,094,500"
EDWARDS LIFESCIENCES CORPORATION (XNYS:EW),EW,EDWARDS LIFESCIENCES CORPORATION,Health Care,United States,"47,327,840,000",76.55,67.13,131.73,"6,706,009",32.9558,1.0331,"618,260,500"
"CADENCE DESIGN SYSTEMS, INC. (XNAS:CDNS)",CDNS,"CADENCE DESIGN SYSTEMS, INC.",Information Technology,United States,"47,300,310,000",172.43,132.315,194.97,"1,643,379",60.6889,1.0898,"274,316,000"
FEDEX CORPORATION (XNYS:FDX),FDX,FEDEX CORPORATION,Industrials,United States,"47,206,470,000",181.41,141.9193,266.7935,"2,574,704",13.3363,1.3369,"260,219,800"
"ROPER TECHNOLOGIES, INC. (XNYS:ROP)",ROP,"ROPER TECHNOLOGIES, INC.",Information Technology,United States,"47,073,320,000",443.87,356.215,494.315,"555,004",50.528,1.0757,"106,052,000"
CINTAS CORPORATION (XNAS:CTAS),CTAS,CINTAS CORPORATION,Industrials,United States,"46,967,760,000",462.53,343.86,463.72,"391,368",38.7735,1.3705,"101,545,300"
JOHNSON CONTROLS INTERNATIONAL PLC (XNYS:JCI),JCI,JOHNSON CONTROLS INTERNATIONAL PLC,Industrials,Ireland,"46,778,270,000",68.12,45.52,81.77,"4,404,487",30.9473,1.2362,"686,703,900"
"AMERICAN INTERNATIONAL GROUP, INC. (XNYS:AIG)",AIG,"AMERICAN INTERNATIONAL GROUP, INC.",Financials,United States,"46,622,000,000",62.75,47.05,65.73,"4,824,519",3.7232,1.2338,"742,980,000"
KIMBERLY-CLARK CORPORATION (XNYS:KMB),KMB,KIMBERLY-CLARK CORPORATION,Consumer Staples,United States,"46,550,290,000",137.93,108.74,145.79,"1,531,352",26.1796,0.4311,"337,492,100"
"AGILENT TECHNOLOGIES, INC. (XNYS:A)",A,"AGILENT TECHNOLOGIES, INC.",Health Care,United States,"45,922,650,000",155.67,112.52,162.62,"1,419,585",37.2459,1.0794,"295,000,000"
"ENPHASE ENERGY, INC. (XNAS:ENPH)",ENPH,"ENPHASE ENERGY, INC.",Information Technology,United States,"45,670,320,000",336,113.4,338.16,"3,633,298",163.8833,1.2973,"135,923,600"
"DEXCOM, INC. (XNAS:DXCM)",DXCM,"DEXCOM, INC.",Health Care,United States,"45,620,950,000",118.11,66.8925,144.9625,"2,904,912",220.6128,1.1365,"386,258,100"
"MOTOROLA SOLUTIONS, INC. (XNYS:MSI)",MSI,"MOTOROLA SOLUTIONS, INC.",Information Technology,United States,"45,596,320,000",272.7,195.175,275.16,"863,903",40.0715,0.9367,"167,203,200"
"PAYCHEX, INC. (XNAS:PAYX)",PAYX,"PAYCHEX, INC.",Information Technology,United States,"45,403,190,000",125.98,105.66,141.92,"1,496,119",31.7932,0.9723,"360,400,000"
AFLAC INCORPORATED (XNYS:AFL),AFL,AFLAC INCORPORATED,Financials,United States,"44,980,180,000",72.315,52.0702,72.7,"3,005,355",9.2355,0.9354,"621,788,600"
DEVON ENERGY CORPORATION (XNYS:DVN),DVN,DEVON ENERGY CORPORATION,Energy,United States,"44,752,300,000",68.46,35.55,79.4,"11,018,698",7.18,2.4109,"653,700,000"
"CHIPOTLE MEXICAN GRILL, INC. (XNYS:CMG)",CMG,"CHIPOTLE MEXICAN GRILL, INC.",Consumer Discretionary,United States,"44,489,060,000",1604.61,1196.28,1776.67,"280,363",55.86,1.2284,"27,721,110"
"The Travelers Companies, Inc. (XNYS:TRV)",TRV,"The Travelers Companies, Inc.",Financials,United States,"44,418,230,000",189.54,149.6467,191.02,"1,430,142",13.8483,0.6718,"234,347,500"
"REPUBLIC SERVICES, INC. (XNYS:RSG)",RSG,"REPUBLIC SERVICES, INC.",Industrials,United States,"44,404,450,000",140.52,113.5734,149.17,"1,433,361",30.6739,0.673,"316,000,900"
HESS CORPORATION (XNYS:HES),HES,HESS CORPORATION,Energy,United States,"44,402,590,000",144.08,68.32,149.83,"2,053,305",23.9589,1.5912,"308,308,500"
NXP Semiconductors NV (XNAS:NXPI),NXPI,NXP Semiconductors NV,Information Technology,Netherlands,"44,327,610,000",171.06,132.08,239.91,"2,356,196",17.0446,1.4668,"259,134,900"
"FIDELITY NATIONAL INFORMATION SERVICES, INC. (XNYS:FIS)",FIS,"FIDELITY NATIONAL INFORMATION SERVICES, INC.",Information Technology,United States,"43,945,680,000",74.08,56.53,122.06,"9,067,774",48.3364,0.8164,"593,379,500"
"L3HARRIS TECHNOLOGIES, INC. (XNYS:LHX)",LHX,"L3HARRIS TECHNOLOGIES, INC.",Industrials,Australia,"43,792,640,000",230,200.705,279.71,"1,330,088",40.0095,0.7204,"190,402,800"
"AUTODESK, INC. (XNAS:ADSK)",ADSK,"AUTODESK, INC.",Information Technology,United States,"43,411,410,000",201.11,163.2,285.3799,"2,002,888",70.9305,1.4751,"215,859,100"
SYSCO CORPORATION (XNYS:SYY),SYY,SYSCO CORPORATION,Consumer Staples,United States,"43,242,470,000",85.33,69.835,91.5296,"2,571,737",30.2262,1.0799,"506,767,500"
ECOLAB INC. (XNYS:ECL),ECL,ECOLAB INC.,Materials,United States,"43,111,570,000",151.36,131.04,237.38,"1,799,103",38.5647,1.0018,"284,828,100"
BIOGEN INC. (XNAS:BIIB),BIIB,BIOGEN INC.,Health Care,United States,"43,042,020,000",298.9,187.16,311.88,"1,357,954",15.2286,0.2033,"144,001,400"
"KINDER MORGAN, INC. (XNYS:KMI)",KMI,"KINDER MORGAN, INC.",Energy,United States,"42,707,100,000",19.02,15.0124,20.2,"16,559,743",17.1978,0.9359,"2,247,742,000"
"THE WILLIAMS COMPANIES, INC. (XNYS:WMB)",WMB,"THE WILLIAMS COMPANIES, INC.",Energy,United States,"42,581,280,000",34.96,24.86,37.97,"6,457,736",21.3638,1.2472,"1,218,000,000"
MICROCHIP TECHNOLOGY INCORPORATED (XNAS:MCHP),MCHP,MICROCHIP TECHNOLOGY INCORPORATED,Information Technology,United States,"42,521,170,000",77.31,54.33,90,"5,608,166",23.5835,1.5803,"550,008,700"
ARTHUR J. GALLAGHER & CO. (XNYS:AJG),AJG,ARTHUR J. GALLAGHER & CO.,Financials,United States,"42,433,660,000",201.26,147.325,201.51,"926,419",39.5785,0.6899,"210,840,000"
"FORTINET, INC. (XNAS:FTNT)",FTNT,"FORTINET, INC.",Information Technology,United States,"41,882,060,000",53.61,42.6101,74.354,"6,095,143",58.8517,1.1166,"781,236,000"
MSCI INC. (XNYS:MSCI),MSCI,MSCI INC.,Financials,United States,"41,484,700,000",518.83,376.41,646.99,"397,243",50.0604,1.0914,"79,958,170"
"ROSS STORES, INC. (XNAS:ROST)",ROST,"ROSS STORES, INC.",Consumer Discretionary,Ireland,"41,300,470,000",119,69.24,119.48,"3,229,361",28.8088,1.0055,"347,062,800"
"ARISTA NETWORKS, INC. (XNYS:ANET)",ANET,"ARISTA NETWORKS, INC.",Information Technology,United States,"41,264,530,000",135.04,89.115,148.57,"2,441,587",36.7935,1.283,"305,572,600"
Trane Technologies plc (XNYS:TT),TT,Trane Technologies plc,Industrials,Ireland,"41,227,310,000",179.01,120.64,204.23,"1,398,884",25.4901,1.0662,"230,307,300"
EXELON CORPORATION (XNAS:EXC),EXC,EXELON CORPORATION,Utilities,United States,"41,190,610,000",41.45,35.185,50.71,"8,245,090",20.2779,0.5564,"993,742,000"
"SIMON PROPERTY GROUP, INC. (XNYS:SPG)",SPG,"SIMON PROPERTY GROUP, INC.",Real Estate,United States,"40,923,290,000",119.33,86.02,165.83,"1,799,185",19.9206,1.5368,"342,913,400"
IQVIA HOLDINGS INC (XNYS:IQV),IQV,IQVIA HOLDINGS INC,Health Care,United States,"40,441,180,000",217.73,165.75,285.61,"976,662",35.4319,1.3778,"185,740,000"
TE Connectivity Ltd (XNYS:TEL),TEL,TE Connectivity Ltd,Information Technology,Switzerland,"39,901,260,000",125.78,104.76,165.81,"1,919,908",16.8372,1.3,"317,230,600"
"PRUDENTIAL FINANCIAL, INC. (XNYS:PRU)",PRU,"PRUDENTIAL FINANCIAL, INC.",Financials,United States,"39,626,240,000",107.68,85.46,124.22,"1,953,980",149.0525,1.4134,"368,000,000"
NUCOR CORPORATION (XNYS:NUE),NUE,NUCOR CORPORATION,Materials,United States,"39,559,040,000",154.12,88.5,187.9,"1,924,714",4.8267,1.5145,"256,543,700"
REALTY INCOME CORPORATION (XNYS:O),O,REALTY INCOME CORPORATION,Real Estate,United States,"39,447,980,000",62.88,55.5,75.4,"3,909,396",58.8153,0.7798,"627,153,900"
NEWMONT CORPORATION (XNYS:NEM),NEM,NEWMONT CORPORATION,Materials,United States,"38,631,270,000",48.67,37.45,86.37,"8,209,964",39.9462,0.2904,"793,738,700"
PG&E CORPORATION (XNYS:PCG),PCG,PG&E CORPORATION,Utilities,United States,"38,608,850,000",15.66,9.64,15.91,"14,984,439",18.6311,1.1454,"2,465,444,000"
HILTON WORLDWIDE HOLDINGS INC. (XNYS:HLT),HLT,HILTON WORLDWIDE HOLDINGS INC.,Consumer Discretionary,United States,"38,247,890,000",141.42,108.41,167.99,"1,827,890",36.7405,1.2074,"270,456,000"
PARKER-HANNIFIN CORPORATION (XNYS:PH),PH,PARKER-HANNIFIN CORPORATION,Industrials,United States,"38,185,300,000",297.38,230.44,340,"982,236",30.9344,1.5466,"128,405,700"
Xcel Energy Inc. (XNAS:XEL),XEL,Xcel Energy Inc.,Utilities,United States,"37,836,760,000",69.14,56.89,77.66,"3,492,875",22.5771,0.4229,"547,248,500"
CARRIER GLOBAL CORPORATION (XNYS:CARR),CARR,CARRIER GLOBAL CORPORATION,Industrials,United States,"37,364,160,000",44.68,33.1,57.69,"3,966,369",10.7967,1.261,"836,261,500"
CAPITAL ONE FINANCIAL CORPORATION (XNYS:COF),COF,CAPITAL ONE FINANCIAL CORPORATION,Financials,United States,"37,288,130,000",97.69,90.27,162.4,"2,667,833",4.8356,1.4136,"381,698,600"
PACCAR INC (XNAS:PCAR),PCAR,PACCAR INC,Industrials,United States,"36,790,330,000",105.79,77,107.18,"2,133,674",14.1809,0.914,"347,767,600"
LAS VEGAS SANDS CORP. (XNYS:LVS),LVS,LAS VEGAS SANDS CORP.,Consumer Discretionary,United States,"36,649,410,000",47.94,28.875,48.32,"5,908,851",0,1.1766,"764,166,300"
THE BANK OF NEW YORK MELLON CORPORATION (XNYS:BK),BK,THE BANK OF NEW YORK MELLON CORPORATION,Financials,United States,"36,550,420,000",45.22,36.22,64.63,"4,455,956",13.7718,1.0919,"808,280,000"
"YUM! BRANDS, INC. (XNYS:YUM)",YUM,"YUM! BRANDS, INC.",Consumer Discretionary,United States,"36,529,280,000",129.6,103.965,139.85,"2,009,298",29.5416,1.0118,"281,687,900"
ELECTRONIC ARTS INC. (XNAS:EA),EA,ELECTRONIC ARTS INC.,Communication Services,United States,"36,519,890,000",132.28,109.24,142.79,"2,118,633",41.3082,0.8685,"276,080,200"
Dow Inc. (XNYS:DOW),DOW,Dow Inc.,Materials,United States,"36,278,790,000",51.54,42.91,71.86,"5,470,730",6.6815,1.3394,"703,759,300"
"IDEXX LABORATORIES, INC. (XNAS:IDXX)",IDXX,"IDEXX LABORATORIES, INC.",Health Care,United States,"36,050,220,000",435.3,317.06,664.7,"539,024",55.3629,1.1843,"82,816,960"
"WALGREENS BOOTS ALLIANCE, INC. (XNAS:WBA)",WBA,"WALGREENS BOOTS ALLIANCE, INC.",Consumer Staples,United States,"35,872,450,000",41.48,30.39,55,"6,691,628",8.2946,0.7268,"864,813,100"
BROWN-FORMAN CORPORATION (XNYS:BF.B),BF.B,BROWN-FORMAN CORPORATION,Consumer Staples,United States,"35,657,080,000",74.52,60.23,78.15,"926,316",39.9672,0.6655,"479,122,000"
"DuPont de Nemours, Inc. (XNYS:DD)",DD,"DuPont de Nemours, Inc.",Materials,United States,"35,550,220,000",71.56,49.52,85.16,"3,822,988",31.2671,1.4695,"496,788,900"
HALLIBURTON COMPANY (XNYS:HAL),HAL,HALLIBURTON COMPANY,Energy,United States,"35,295,780,000",38.87,21.065,43.99,"9,152,223",20.1438,2.2272,"908,046,800"
CUMMINS INC. (XNYS:CMI),CMI,CUMMINS INC.,Industrials,United States,"35,214,750,000",249.74,184.275,254.085,"1,088,021",18.6161,1.0525,"141,000,000"
"AMERIPRISE FINANCIAL, INC. (XNYS:AMP)",AMP,"AMERIPRISE FINANCIAL, INC.",Financials,United States,"35,136,830,000",330.18,219.99,339.41,"623,223",13.7598,1.4689,"106,417,200"
THE ALLSTATE CORPORATION (XNYS:ALL),ALL,THE ALLSTATE CORPORATION,Financials,United States,"34,702,670,000",130.85,106.11,144.46,"1,625,358",44.2168,0.6296,"265,209,600"
"CONSOLIDATED EDISON, INC. (XNYS:ED)",ED,"CONSOLIDATED EDISON, INC.",Utilities,United States,"34,545,900,000",97.35,78.1,102.21,"1,882,712",20.4268,0.3344,"354,862,900"
"ILLUMINA, INC. (XNAS:ILMN)",ILMN,"ILLUMINA, INC.",Health Care,United States,"34,410,950,000",218.76,173.45,427.9999,"1,252,620",49.5784,1.1324,"157,300,000"
RESMED INC. (XNYS:RMD),RMD,RESMED INC.,Health Care,United States,"34,116,040,000",232.9,189.4,268.77,"514,678",43.5572,0.4654,"146,483,600"
THE KROGER CO. (XNYS:KR),KR,THE KROGER CO.,Consumer Staples,United States,"34,050,910,000",47.58,41.815,62.78,"5,246,095",14.5302,0.495,"715,806,300"
"COSTAR GROUP, INC. (XNAS:CSGP)",CSGP,"COSTAR GROUP, INC.",Industrials,United States,"33,942,350,000",83.46,49,85.37,"2,426,708",97.4909,0.9005,"406,690,100"
VICI PROPERTIES INC. (XNYS:VICI),VICI,VICI PROPERTIES INC.,Real Estate,United States,"33,940,590,000",34.025,26.23,35.69,"6,479,290",31.7972,1.0112,"997,372,600"
"Nasdaq, Inc. (XNAS:NDAQ)",NDAQ,"Nasdaq, Inc.",Financials,United States,"33,888,460,000",68.98,46.77,70.5516,"1,950,456",30.184,0.9499,"491,279,500"
TRANSDIGM GROUP INCORPORATED (XNYS:TDG),TDG,TRANSDIGM GROUP INCORPORATED,Industrials,United States,"33,811,210,000",621.82,486.2478,665.7806,"286,763",46.4569,1.4184,"54,374,600"
WELLTOWER INC. (XNYS:WELL),WELL,WELLTOWER INC.,Real Estate,United States,"33,586,820,000",71.08,56.5,99.43,"3,013,384",187.918,1.0034,"472,521,500"
"OLD DOMINION FREIGHT LINE, INC. (XNAS:ODFL)",ODFL,"OLD DOMINION FREIGHT LINE, INC.",Industrials,United States,"33,459,360,000",302.85,231.31,373.58,"866,406",25.9327,1.0652,"110,481,600"
"DOLLAR TREE, INC. (XNAS:DLTR)",DLTR,"DOLLAR TREE, INC.",Consumer Discretionary,United States,"33,443,090,000",151.2,123.62,177.19,"2,551,350",21.1572,0.6958,"221,184,500"
ALBEMARLE CORPORATION (XNYS:ALB),ALB,ALBEMARLE CORPORATION,Materials,United States,"33,304,200,000",284.28,169.93,334.5499,"1,518,879",21.5556,1.3994,"117,152,800"
OTIS WORLDWIDE CORPORATION (XNYS:OTIS),OTIS,OTIS WORLDWIDE CORPORATION,Industrials,United States,"33,222,740,000",79.75,62.49,88.22,"2,279,656",27.4319,0.827,"416,586,100"
"AMETEK, INC. (XNYS:AME)",AME,"AMETEK, INC.",Industrials,United States,"33,159,800,000",144.39,106.17,148.07,"1,136,403",29.5368,1.2412,"229,654,400"
METTLER-TOLEDO INTERNATIONAL INC. (XNYS:MTD),MTD,METTLER-TOLEDO INTERNATIONAL INC.,Health Care,United States,"33,131,390,000",1486.1,1065.55,1714.75,"114,785",40.6665,1.212,"22,294,190"
"PPG INDUSTRIES, INC. (XNYS:PPG)",PPG,"PPG INDUSTRIES, INC.",Materials,United States,"32,269,260,000",137.3,107.06,177.32,"1,286,762",30.8729,1.174,"235,027,400"
"KEYSIGHT TECHNOLOGIES, INC. (XNYS:KEYS)",KEYS,"KEYSIGHT TECHNOLOGIES, INC.",Information Technology,United States,"32,224,610,000",180.53,127.93,209.08,"1,020,287",29.1982,1.0576,"178,500,000"
COGNIZANT TECHNOLOGY SOLUTIONS CORPORATION (XNAS:CTSH),CTSH,COGNIZANT TECHNOLOGY SOLUTIONS CORPORATION,Information Technology,United States,"32,063,560,000",62.39,51.33,93.468,"4,147,370",13.8914,1.0467,"513,921,400"
"COPART, INC. (XNAS:CPRT)",CPRT,"COPART, INC.",Industrials,United States,"31,983,540,000",67.15,51.105,76.285,"2,223,825",30.0826,1.1642,"476,300,000"
SBA Communications Corporation (XNAS:SBAC),SBAC,SBA Communications Corporation,Real Estate,United States,"31,876,820,000",295.25,236.2,391.15,"785,722",79.5001,0.4725,"107,965,500"
"DIGITAL REALTY TRUST, INC. (XNYS:DLR)",DLR,"DIGITAL REALTY TRUST, INC.",Real Estate,United States,"31,871,840,000",110.85,85.76,178.22,"1,974,415",22.7493,0.471,"287,522,300"
ON SEMICONDUCTOR CORPORATION (XNAS:ON),ON,ON SEMICONDUCTOR CORPORATION,Information Technology,United States,"31,584,220,000",73.04,44.76,77.2812,"6,917,984",18.9497,1.7281,"432,423,600"
"ROCKWELL AUTOMATION, INC. (XNYS:ROK)",ROK,"ROCKWELL AUTOMATION, INC.",Industrials,United States,"30,489,970,000",265.49,190.08,354.99,"808,361",33.3061,1.4628,"114,844,100"
"W.W. GRAINGER, INC. (XNYS:GWW)",GWW,"W.W. GRAINGER, INC.",Industrials,United States,"30,422,660,000",602.08,440.48,612.06,"312,867",21.3703,1.2241,"50,529,260"
PUBLIC SERVICE ENTERPRISE GROUP INCORPORATED (XNYS:PEG),PEG,PUBLIC SERVICE ENTERPRISE GROUP INCORPORATED,Utilities,United States,"30,396,020,000",60.92,52.51,75.61,"3,886,273",44.5013,0.5953,"498,949,700"
"WEC ENERGY GROUP, INC. (XNYS:WEC)",WEC,"WEC ENERGY GROUP, INC.",Utilities,United States,"30,300,640,000",96.075,80.82,108.39,"1,666,031",22.0178,0.3667,"315,434,500"
CONSTELLATION ENERGY CORPORATION. (XNAS:CEG),CEG,CONSTELLATION ENERGY CORPORATION.,Utilities,United States,"30,098,730,000",92.04,38,97.89,"2,125,848",44.3362,1.059,"327,017,900"
"ONEOK, INC. (XNYS:OKE)",OKE,"ONEOK, INC.",Energy,United States,"30,035,295,360",67.2,50.5,75.07,"2,574,350",18.6546,1.6736,"446,953,800"
HP INC. (XNYS:HPQ),HPQ,HP INC.,Information Technology,United States,"29,816,030,000",29.64,24.075,41.47,"8,877,423",9.8358,1.0167,"1,005,939,000"
BAKER HUGHES COMPANY (XNAS:BKR),BKR,BAKER HUGHES COMPANY,Energy,United States,"29,759,880,000",29.51,20.415,39.78,"7,465,409",85.2877,1.5151,"1,008,468,000"
"D.R. HORTON, INC. (XNYS:DHI)",DHI,"D.R. HORTON, INC.",Consumer Discretionary,United States,"29,726,980,000",86.33,59.25,110.45,"2,938,159",5.2213,1.538,"344,341,200"
Fastenal Company (XNAS:FAST),FAST,Fastenal Company,Industrials,United States,"29,457,040,000",51.43,43.73,64.7465,"3,217,463",27.6587,1.15,"572,759,900"
M&T BANK CORPORATION (XNYS:MTB),MTB,M&T BANK CORPORATION,Financials,United States,"29,188,920,000",169.1,141.49,193.42,"1,229,262",15.9481,0.7831,"172,613,300"
Eversource Energy (XNYS:ES),ES,Eversource Energy,Utilities,United States,"29,156,810,000",83.71,70.54,94.63,"1,720,545",20.8276,0.4958,"348,307,400"
"VERISK ANALYTICS, INC. (XNAS:VRSK)",VRSK,"VERISK ANALYTICS, INC.",Industrials,United States,"29,000,580,000",185.44,156.05,230.79,"1,124,379",28.7949,0.8236,"156,388,000"
DISCOVER FINANCIAL SERVICES (XNYS:DFS),DFS,DISCOVER FINANCIAL SERVICES,Financials,United States,"28,798,000,000",105.4,87.644,130.81,"1,727,163",6.8013,1.4,"273,225,800"
CORNING INCORPORATED (XNYS:GLW),GLW,CORNING INCORPORATED,Information Technology,United States,"28,757,590,000",34,28.98,43.47,"3,987,920",15.8583,1.0482,"845,811,400"
STATE STREET CORPORATION (XNYS:STT),STT,STATE STREET CORPORATION,Financials,United States,"28,518,590,000",77.72,58.615,104.87,"2,712,983",11.0075,1.6218,"366,940,200"
"T. ROWE PRICE GROUP, INC. (XNAS:TROW)",TROW,"T. ROWE PRICE GROUP, INC.",Financials,United States,"28,158,800,000",126.01,93.53,204.68,"2,100,568",14.4679,1.2838,"223,464,800"
APTIV PLC (XNYS:APTV),APTV,APTIV PLC,Consumer Discretionary,Ireland,"28,105,600,000",103.73,77.96,175.91,"1,923,053",90.5733,2.0196,"270,949,600"
"WARNER BROS. DISCOVERY, INC. (XNAS:WBD)",WBD,"WARNER BROS. DISCOVERY, INC.",Communication Services,United States,"28,047,970,000",11.55,9.52,31.55,"26,808,121",7.2262,1.3431,"2,428,396,000"
"AMERICAN WATER WORKS COMPANY, INC. (XNYS:AWK)",AWK,"AMERICAN WATER WORKS COMPANY, INC.",Utilities,United States,"27,954,220,000",153.74,122.77,189.65,"868,232",21.2296,0.5264,"181,827,900"
GLOBAL PAYMENTS INC. (XNYS:GPN),GPN,GLOBAL PAYMENTS INC.,Information Technology,United States,"27,872,950,000",103.08,93.99,153.76,"2,910,449",459.9322,0.9985,"270,401,200"
"GARTNER, INC. (XNYS:IT)",IT,"GARTNER, INC.",Information Technology,United States,"27,815,790,000",351.99,221.39,357.4,"486,077",37.9627,1.3682,"79,024,380"
LyondellBasell Industries NV (XNYS:LYB),LYB,LyondellBasell Industries NV,Materials,Netherlands,"27,645,510,000",84.9,71.46,112.53,"2,610,356",6.5636,1.223,"325,624,400"
INTERNATIONAL FLAVORS & FRAGRANCES INC. (XNYS:IFF),IFF,INTERNATIONAL FLAVORS & FRAGRANCES INC.,Materials,United States,"27,528,280,000",107.97,83.14,151.86,"1,658,746",38.6236,1.0732,"254,962,200"
BAXTER INTERNATIONAL INC. (XNYS:BAX),BAX,BAXTER INTERNATIONAL INC.,Health Care,United States,"26,829,310,000",53.22,49.83,89.7,"4,962,966",28.8703,0.593,"504,120,800"
Willis Towers Watson Public Limited Company (XNAS:WTW),WTW,Willis Towers Watson Public Limited Company,Financials,United Kingdom,"26,795,300,000",247.56,187.89,249,"625,029",29.193,0.7773,"108,237,600"
GENUINE PARTS COMPANY (XNYS:GPC),GPC,GENUINE PARTS COMPANY,Consumer Discretionary,United States,"26,399,370,000",187.28,115.63,187.725,"912,103",22.491,0.9917,"140,962,000"
HORMEL FOODS CORPORATION (XNYS:HRL),HRL,HORMEL FOODS CORPORATION,Consumer Staples,United States,"26,020,850,000",47.64,42.26,55.11,"1,729,699",26.1826,0.1525,"546,197,600"
"ZIMMER BIOMET HOLDINGS, INC. (XNYS:ZBH)",ZBH,"ZIMMER BIOMET HOLDINGS, INC.",Health Care,Poland,"25,805,550,000",122.97,100.39,135.05,"1,216,579",76.5296,1.0902,"209,852,400"
CDW CORPORATION (XNAS:CDW),CDW,CDW CORPORATION,Information Technology,United Kingdom,"25,726,990,000",190.02,147.91,208.705,"644,789",24.9812,1.1358,"135,391,000"
"RAYMOND JAMES FINANCIAL, INC. (XNYS:RJF)",RJF,"RAYMOND JAMES FINANCIAL, INC.",Financials,United States,"25,626,980,000",119.16,84.86,126,"1,351,351",17.0771,1.059,"215,063,600"
"DIAMONDBACK ENERGY, INC. (XNAS:FANG)",FANG,"DIAMONDBACK ENERGY, INC.",Energy,United States,"25,600,750,000",145.46,91.6884,168.95,"2,588,098",5.9188,2.01,"175,998,600"
KELLOGG COMPANY (XNYS:K),K,KELLOGG COMPANY,Consumer Staples,United States,"25,196,790,000",73.83,59.54,77.17,"2,669,080",17.0068,0.4386,"341,281,100"
"ALEXANDRIA REAL ESTATE EQUITIES, INC. (XNYS:ARE)",ARE,"ALEXANDRIA REAL ESTATE EQUITIES, INC.",Real Estate,United States,"25,157,860,000",153.32,126.74,224.95,"665,171",46.2562,0.9294,"164,087,300"
"CBRE GROUP, INC. (XNYS:CBRE)",CBRE,"CBRE GROUP, INC.",Real Estate,United States,"25,038,920,000",79.25,66.31,111,"1,702,604",13.0885,1.3724,"315,948,500"
EDISON INTERNATIONAL (XNYS:EIX),EIX,EDISON INTERNATIONAL,Utilities,United States,"24,963,150,000",65.37,54.45,73.32,"1,936,341",34.5181,0.7651,"381,874,700"
TRACTOR SUPPLY COMPANY (XNAS:TSCO),TSCO,TRACTOR SUPPLY COMPANY,Consumer Discretionary,United States,"24,847,600,000",224.94,166.49,241.54,"1,199,029",24.4327,0.8865,"110,463,200"
"UNITED RENTALS, INC. (XNYS:URI)",URI,"UNITED RENTALS, INC.",Industrials,United States,"24,713,320,000",356.57,230.54,368.61,"710,904",13.1203,1.8549,"69,308,480"
EQUIFAX INC. (XNYS:EFX),EFX,EQUIFAX INC.,Industrials,United States,"24,657,660,000",201.38,145.98,300.11,"1,154,684",35.009,1.45,"122,443,400"
EBAY INC. (XNAS:EBAY),EBAY,EBAY INC.,Consumer Discretionary,United States,"24,528,190,000",45.2,35.92,67.71,"6,088,745",253.2341,1.2878,"542,659,100"
VULCAN MATERIALS COMPANY (XNYS:VMC),VMC,VULCAN MATERIALS COMPANY,Materials,United States,"24,519,990,000",184.49,137.54,213.65,"769,614",40.3386,0.7911,"132,906,900"
EQUITY RESIDENTIAL (XNYS:EQR),EQR,EQUITY RESIDENTIAL,Real Estate,United States,"24,228,380,000",64.11,59.32,94.32,"1,851,430",20.9481,0.7842,"377,918,900"
FIFTH THIRD BANCORP (XNAS:FITB),FITB,FIFTH THIRD BANCORP,Financials,United States,"24,195,460,000",35.25,30.92,50.64,"4,063,385",10.8451,1.2208,"686,396,200"
FORTIVE CORPORATION (XNYS:FTV),FTV,FORTIVE CORPORATION,Industrials,United States,"24,143,880,000",68.24,52.47,76.62,"1,958,119",35.4219,1.1325,"353,808,300"
"ULTA BEAUTY, INC. (XNAS:ULTA)",ULTA,"ULTA BEAUTY, INC.",Consumer Discretionary,United States,"24,142,230,000",471.33,330.7991,477.9219,"726,232",20.7214,1.324,"51,221,500"
"AVALONBAY COMMUNITIES, INC. (XNYS:AVB)",AVB,"AVALONBAY COMMUNITIES, INC.",Real Estate,United States,"24,142,090,000",172.51,158.35,259.05,"964,631",19.6616,0.8829,"139,897,400"
"THE HARTFORD FINANCIAL SERVICES GROUP, INC. (XNYS:HIG)",HIG,"THE HARTFORD FINANCIAL SERVICES GROUP, INC.",Financials,United States,"24,124,620,000",75.84,60.165,76.96,"1,798,715",13.2186,0.9208,"318,098,900"
WEYERHAEUSER COMPANY (XNYS:WY),WY,WEYERHAEUSER COMPANY,Real Estate,United States,"23,858,430,000",32.42,27.365,42.86,"3,341,298",10.5987,1.4864,"735,917,000"
"TYSON FOODS, INC. (XNYS:TSN)",TSN,"TYSON FOODS, INC.",Consumer Staples,United States,"23,740,090,000",66.03,62.94,100.72,"3,300,018",7.4181,0.687,"359,589,300"
FIRSTENERGY CORP. (XNYS:FE),FE,FIRSTENERGY CORP.,Utilities,United States,"23,739,190,000",41.5,35.32,48.85,"3,273,466",18.8935,0.4633,"571,753,200"
SOUTHWEST AIRLINES CO. (XNYS:LUV),LUV,SOUTHWEST AIRLINES CO.,Industrials,United States,"23,601,640,000",39.75,30.2,50.1,"5,091,088",31.2264,1.0743,"593,752,000"
ENTERGY CORPORATION (XNYS:ETR),ETR,ENTERGY CORPORATION,Utilities,United States,"23,585,790,000",115.91,94.94,126.815,"1,300,939",18.8256,0.6334,"203,483,700"
"MCCORMICK & COMPANY, INCORPORATED (XNYS:MKC)",MKC,"MCCORMICK & COMPANY, INCORPORATED",Consumer Staples,United States,"23,168,430,000",86.38,71.19,107.35,"1,363,452",33.7132,0.6057,"268,207,000"
FIRST REPUBLIC BANK (XNYS:FRC),FRC,FIRST REPUBLIC BANK,Financials,United States,"23,079,690,000",126.17,106.86,217.27,"1,775,041",15.0314,1.0774,"182,925,400"
"DELTA AIR LINES, INC. (XNYS:DAL)",DAL,"DELTA AIR LINES, INC.",Industrials,United States,"22,896,840,000",35.71,27.2,46.27,"7,735,675",314.0445,1.2124,"641,188,400"
AMEREN CORPORATION (XNYS:AEE),AEE,AMEREN CORPORATION,Utilities,United States,"22,760,290,000",88.04,73.28,99.2,"1,445,244",22.0332,0.4338,"258,522,200"
"MARTIN MARIETTA MATERIALS, INC. (XNYS:MLM)",MLM,"MARTIN MARIETTA MATERIALS, INC.",Materials,United States,"22,708,430,000",365.73,284.99,446.46,"369,103",27.7165,0.8717,"62,090,690"
"PRINCIPAL FINANCIAL GROUP, INC. (XNAS:PFG)",PFG,"PRINCIPAL FINANCIAL GROUP, INC.",Financials,United States,"22,554,860,000",92.18,61.05,96.17,"1,731,657",4.4702,1.2738,"244,682,800"
ARCH CAPITAL GROUP LTD. (XNAS:ACGL),ACGL,ARCH CAPITAL GROUP LTD.,Financials,Bermuda,"22,414,300,000",60.6,41.05,60.745,"6,802,023",19.4095,0.79,"369,873,000"
"ANSYS, INC. (XNAS:ANSS)",ANSS,"ANSYS, INC.",Information Technology,United States,"22,365,200,000",256.74,194.23,413.22,"655,281",48.0622,1.2675,"87,112,230"
HUNTINGTON BANCSHARES INCORPORATED (XNAS:HBAN),HBAN,HUNTINGTON BANCSHARES INCORPORATED,Financials,United States,"22,304,670,000",15.46,11.67,17.79,"14,422,466",12.0668,1.1426,"1,442,734,000"
DTE ENERGY COMPANY (XNYS:DTE),DTE,DTE ENERGY COMPANY,Utilities,United States,"22,291,950,000",115.06,100.64,140.23,"1,659,296",20.0015,0.6149,"193,742,000"
INGERSOLL RAND INC. (XNYS:IR),IR,INGERSOLL RAND INC.,Industrials,United States,"22,088,700,000",54.55,39.285,62.64,"2,865,631",40.7768,1.4549,"404,925,800"
"QUANTA SERVICES, INC. (XNYS:PWR)",PWR,"QUANTA SERVICES, INC.",Industrials,United States,"21,873,880,000",153.07,93.91,154.65,"969,267",52.2621,1.0986,"142,901,200"
REGIONS FINANCIAL CORPORATION (XNYS:RF),RF,REGIONS FINANCIAL CORPORATION,Financials,United States,"21,641,760,000",23.16,18.01,25.57,"6,174,223",11.5453,1.2371,"934,445,600"
Coterra Energy Inc. (XNYS:CTRA),CTRA,Coterra Energy Inc.,Energy,United States,"21,493,620,000",27.27,18.39,36.55,"10,416,627",5.5467,0.2003,"788,467,300"
PPL CORPORATION (XNYS:PPL),PPL,PPL CORPORATION,Utilities,United States,"21,485,770,000",29.185,23.465,30.99,"4,245,350",30.4288,0.8199,"736,318,300"
"VERISIGN, INC. (XNAS:VRSN)",VRSN,"VERISIGN, INC.",Information Technology,United States,"21,425,930,000",202.1,155.25,257.03,"694,399",26.8751,0.9845,"106,016,500"
LABORATORY CORPORATION OF AMERICA HOLDINGS (XNYS:LH),LH,LABORATORY CORPORATION OF AMERICA HOLDINGS,Health Care,United States,"21,403,100,000",241.57,200.32,317.17,"861,268",12.8972,1.0719,"88,600,000"
HEWLETT PACKARD ENTERPRISE COMPANY (XNYS:HPE),HPE,HEWLETT PACKARD ENTERPRISE COMPANY,Information Technology,United States,"21,379,890,000",16.7,11.9,17.76,"14,170,580",25.6825,1.2516,"1,281,000,000"
EXTRA SPACE STORAGE INC. (XNYS:EXR),EXR,EXTRA SPACE STORAGE INC.,Real Estate,United States,"21,293,520,000",159,149.78,228.835,"1,178,601",23.086,0.5037,"133,921,500"
"EPAM SYSTEMS, INC. (XNYS:EPAM)",EPAM,"EPAM SYSTEMS, INC.",Information Technology,United States,"21,270,790,000",369.84,168.5925,719.5599,"429,260",53.8541,1.5749,"57,513,490"
"CARDINAL HEALTH, INC. (XNYS:CAH)",CAH,"CARDINAL HEALTH, INC.",Health Care,Ireland,"21,201,400,000",80.88,47.51,81.57,"3,459,103",31.6466,0.8266,"262,134,100"
WATERS CORPORATION (XNYS:WAT),WAT,WATERS CORPORATION,Health Care,United States,"20,636,410,000",347.37,265.605,375.24,"351,864",30.295,0.9275,"59,407,580"
DOVER CORPORATION (XNYS:DOV),DOV,DOVER CORPORATION,Industrials,United States,"20,597,890,000",143.49,114.49,184.045,"909,676",17.8266,1.3542,"143,549,300"
"CITIZENS FINANCIAL GROUP, INC. (XNYS:CFG)",CFG,"CITIZENS FINANCIAL GROUP, INC.",Financials,United States,"20,536,870,000",41.7,32.655,57,"3,687,794",10.4294,1.348,"492,491,000"
"CF INDUSTRIES HOLDINGS, INC. (XNYS:CF)",CF,"CF INDUSTRIES HOLDINGS, INC.",Materials,United States,"20,480,220,000",104.38,58.46,119.5983,"2,803,742",6.8526,0.9949,"196,189,500"
XYLEM INC. (XNYS:XYL),XYL,XYLEM INC.,Industrials,United States,"20,460,550,000",113.53,72.08,125.38,"958,299",64.4281,1.1087,"180,221,500"
"CHURCH & DWIGHT CO., INC. (XNYS:CHD)",CHD,"CHURCH & DWIGHT CO., INC.",Consumer Staples,United States,"20,258,140,000",83.07,70.16,105.28,"1,815,026",27.8371,0.4505,"243,868,300"
W. R. BERKLEY CORPORATION (XNYS:WRB),WRB,W. R. BERKLEY CORPORATION,Financials,United States,"20,088,580,000",75.67,51.4476,76.99,"1,308,415",17.6641,0.6357,"265,476,100"
TELEDYNE TECHNOLOGIES INCORPORATED (XNYS:TDY),TDY,TELEDYNE TECHNOLOGIES INCORPORATED,Information Technology,United States,"20,022,860,000",427.19,325,493.97,"285,153",28.1713,1.0861,"46,871,090"
"ROLLINS, INC. (XNYS:ROL)",ROL,"ROLLINS, INC.",Industrials,United States,"19,935,290,000",40.47,28.505,43.06,"1,685,930",57.6499,0.6273,"492,472,400"
INVITATION HOMES INC. (XNYS:INVH),INVH,INVITATION HOMES INC.,Real Estate,United States,"19,785,220,000",32.36,29.56,45.8,"3,857,409",55.1945,0.8346,"611,409,900"
"PAYCOM SOFTWARE, INC. (XNYS:PAYC)",PAYC,"PAYCOM SOFTWARE, INC.",Information Technology,United States,"19,667,080,000",339.87,255.82,442.38,"482,780",78.9995,1.3627,"57,866,460"
"MOLINA HEALTHCARE, INC. (XNYS:MOH)",MOH,"MOLINA HEALTHCARE, INC.",Health Care,United States,"19,515,530,000",334.17,249.78,374,"553,439",23.3104,0.7661,"58,400,000"
"Best Buy Co., Inc. (XNYS:BBY)",BBY,"Best Buy Co., Inc.",Consumer Discretionary,United States,"19,496,330,000",86.6,60.785,112.96,"3,812,532",12.9443,1.5173,"225,130,800"
"CENTERPOINT ENERGY, INC. (XNYS:CNP)",CNP,"CENTERPOINT ENERGY, INC.",Utilities,United States,"19,307,860,000",30.67,25.03,33.5,"3,793,251",21.2829,0.8707,"629,535,600"
STERIS PUBLIC LIMITED COMPANY (XNYS:STE),STE,STERIS PUBLIC LIMITED COMPANY,Health Care,Ireland,"19,157,020,000",191.91,159.21,255.9325,"614,621",43.0324,0.8137,"99,822,950"
THE AES CORPORATION (XNYS:AES),AES,THE AES CORPORATION,Utilities,United States,"19,150,120,000",28.67,18.62,29.61,"4,139,528",0,0.9738,"667,949,800"
NORTHERN TRUST CORPORATION (XNAS:NTRS),NTRS,NORTHERN TRUST CORPORATION,Financials,United States,"19,103,380,000",91.66,76.15,135.15,"860,170",12.492,1.0873,"208,415,700"
"MID-AMERICA APARTMENT COMMUNITIES, INC. (XNYS:MAA)",MAA,"MID-AMERICA APARTMENT COMMUNITIES, INC.",Real Estate,United States,"18,968,260,000",164.26,141.13,231.63,"589,788",30.3401,0.7315,"115,477,000"
"J. B. HUNT TRANSPORT SERVICES, INC. (XNAS:JBHT)",JBHT,"J. B. HUNT TRANSPORT SERVICES, INC.",Industrials,United States,"18,934,920,000",182.88,153.92,218.18,"702,020",19.1246,1.1284,"103,537,400"
MARATHON OIL CORPORATION (XNYS:MRO),MRO,MARATHON OIL CORPORATION,Energy,United States,"18,886,920,000",29.74,14.2937,33.42,"11,303,313",5.7187,2.4441,"635,067,800"
"HOLOGIC, INC. (XNAS:HOLX)",HOLX,"HOLOGIC, INC.",Health Care,United States,"18,806,280,000",76.5,59.78,80.49,"1,667,796",14.946,1.0168,"245,833,800"
WESTINGHOUSE AIR BRAKE TECHNOLOGIES CORPORATION (XNYS:WAB),WAB,WESTINGHOUSE AIR BRAKE TECHNOLOGIES CORPORATION,Industrials,United States,"18,801,500,000",103.38,78.26,103.86,"885,715",28.7729,1.4909,"181,867,900"
Amcor plc (XNYS:AMCR),AMCR,Amcor plc,Materials,United Kingdom,"18,612,740,000",12.5,10.42,13.605,"8,294,019",22.6634,0.8626,"1,489,020,000"
THE CLOROX COMPANY (XNYS:CLX),CLX,THE CLOROX COMPANY,Consumer Staples,United States,"18,591,620,000",150.68,120.5,186.8599,"1,395,408",46.0857,0.2742,"123,384,800"
INCYTE CORPORATION (XNAS:INCY),INCY,INCYTE CORPORATION,Health Care,United States,"18,494,380,000",83.13,64.32,84.86,"1,418,460",21.1225,0.7182,"222,475,500"
"VENTAS, INC. (XNYS:VTR)",VTR,"VENTAS, INC.",Real Estate,United States,"18,482,960,000",46.24,35.33,64.02,"2,448,055",822.405,1.189,"399,718,000"
"EXPEDITORS INTERNATIONAL OF WASHINGTON, INC (XNAS:EXPD)",EXPD,"EXPEDITORS INTERNATIONAL OF WASHINGTON, INC",Industrials,United States,"18,383,440,000",115.52,86.08,137.8,"1,861,877",12.1468,0.9503,"159,136,400"
"CONAGRA BRANDS, INC. (XNYS:CAG)",CAG,"CONAGRA BRANDS, INC.",Consumer Staples,United States,"18,269,200,000",38.12,30.06,38.29,"3,453,652",31.956,0.588,"479,255,000"
"TAKE-TWO INTERACTIVE SOFTWARE, INC. (XNAS:TTWO)",TTWO,"TAKE-TWO INTERACTIVE SOFTWARE, INC.",Communication Services,United States,"18,252,010,000",108.76,90,182.25,"3,041,561",71.5261,0.7534,"167,819,100"
IDEX CORPORATION (XNYS:IEX),IEX,IDEX CORPORATION,Industrials,United States,"18,239,840,000",241.84,172.185,243.51,"377,181",31.9857,1.0005,"75,421,110"
"WEST PHARMACEUTICAL SERVICES, INC. (XNYS:WST)",WST,"WEST PHARMACEUTICAL SERVICES, INC.",Health Care,United States,"18,089,960,000",244.35,206.19,475,"876,831",29.4131,1.1388,"74,032,990"
Garmin Ltd (XNYS:GRMN),GRMN,Garmin Ltd,Consumer Discretionary,Switzerland,"18,077,740,000",94.32,76.37,139.49,"846,002",18.8709,0.9764,"191,663,900"
"MONOLITHIC POWER SYSTEMS, INC. (XNAS:MPWR)",MPWR,"MONOLITHIC POWER SYSTEMS, INC.",Information Technology,United States,"17,988,640,000",383.21,301.69,548.49,"717,298",47.2974,1.116,"46,942,000"
FACTSET RESEARCH SYSTEMS INC. (XNYS:FDS),FDS,FACTSET RESEARCH SYSTEMS INC.,Financials,United States,"17,949,970,000",471.15,345.92,495.395,"232,378",46.0744,0.7849,"38,098,220"
"DARDEN RESTAURANTS, INC. (XNYS:DRI)",DRI,"DARDEN RESTAURANTS, INC.",Consumer Discretionary,United States,"17,804,870,000",145.48,110.96,155.25,"1,042,092",20.1516,1.2091,"122,387,100"
"ETSY, INC. (XNAS:ETSY)",ETSY,"ETSY, INC.",Consumer Discretionary,United States,"17,657,950,000",140.49,67.01,247.85,"3,937,272",31.3649,1.7877,"125,688,300"
"PERKINELMER, INC. (XNYS:PKI)",PKI,"PERKINELMER, INC.",Health Care,United States,"17,586,960,000",139.23,113.46,203.16,"957,134",28.6238,1.148,"126,315,900"
CINCINNATI FINANCIAL CORPORATION (XNAS:CINF),CINF,CINCINNATI FINANCIAL CORPORATION,Financials,United States,"17,577,210,000",110.41,88.66,143.22,"661,712",32.0244,0.6229,"159,199,400"
CMS ENERGY CORPORATION (XNYS:CMS),CMS,CMS ENERGY CORPORATION,Utilities,United States,"17,566,030,000",60.52,52.41,73.76,"2,214,432",24.2769,0.3419,"290,251,600"
"BROADRIDGE FINANCIAL SOLUTIONS, INC. (XNYS:BR)",BR,"BROADRIDGE FINANCIAL SOLUTIONS, INC.",Information Technology,United States,"17,529,470,000",148.99,131.35,185.4,"706,141",33.8288,0.9203,"117,655,300"
BALL CORPORATION (XNYS:BALL),BALL,BALL CORPORATION,Materials,United States,"17,519,880,000",55.81,46,97.99,"2,260,324",19.0754,0.7019,"313,920,100"
KEYCORP (XNYS:KEY),KEY,KEYCORP,Financials,United States,"17,306,590,000",18.55,15.255,27.17,"10,341,066",8.4951,1.2885,"932,969,600"
"SOLAREDGE TECHNOLOGIES, INC. (XNAS:SEDG)",SEDG,"SOLAREDGE TECHNOLOGIES, INC.",Information Technology,Israel,"17,258,660,000",308.77,190.15,375.9,"1,199,835",151.612,1.2669,"55,894,870"
FOX CORPORATION (XNAS:FOXA),FOXA,FOX CORPORATION,Communication Services,United States,"17,198,650,000",32.55,28.015,44.95,"2,902,676",16.349,0.8539,"542,693,600"
FOX CORPORATION (XNAS:FOX),FOX,FOX CORPORATION,Communication Services,United States,"17,198,650,000",30.61,26.35,40.91,"1,200,629",15.104,0.8539,"542,693,600"
QUEST DIAGNOSTICS INCORPORATED (XNYS:DGX),DGX,QUEST DIAGNOSTICS INCORPORATED,Health Care,United States,"17,135,510,000",150.46,120.4,174.16,"1,148,208",14.8264,1.0066,"113,887,500"
"LIVE NATION ENTERTAINMENT, INC. (XNYS:LYV)",LYV,"LIVE NATION ENTERTAINMENT, INC.",Communication Services,United States,"17,066,640,000",73.92,65.05,126.79,"3,086,501",107.6437,1.2693,"230,879,900"
TARGA RESOURCES CORP. (XNYS:TRGP),TRGP,TARGA RESOURCES CORP.,Energy,United States,"17,021,170,000",75.19,47.57,81.5,"1,571,324",72.3099,2.3231,"226,375,400"
"ABIOMED, INC. (XNAS:ABMD)",ABMD,"ABIOMED, INC.",Health Care,United States,"17,008,390,000",377.2,219.845,381.99,"1,794,872",64.8293,1.3984,"45,091,180"
FMC CORPORATION (XNYS:FMC),FMC,FMC CORPORATION,Materials,United States,"16,924,780,000",134.36,98.24,140.99,"808,609",23.3153,0.8468,"125,965,900"
"BROWN & BROWN, INC. (XNYS:BRO)",BRO,"BROWN & BROWN, INC.",Financials,United States,"16,857,390,000",59.52,52.91,74,"1,171,955",26.8946,0.7348,"283,222,400"
THE MOSAIC COMPANY (XNYS:MOS),MOS,THE MOSAIC COMPANY,Materials,United States,"16,789,120,000",49.31,34.05,79.28,"4,097,269",4.8206,1.5162,"340,481,000"
THE J. M. SMUCKER COMPANY (XNYS:SJM),SJM,THE J. M. SMUCKER COMPANY,Consumer Staples,United States,"16,470,390,000",154.45,119.82,155.91,"893,124",28.9081,0.2415,"106,639,000"
ATMOS ENERGY CORPORATION (XNYS:ATO),ATO,ATMOS ENERGY CORPORATION,Utilities,United States,"16,420,550,000",116.54,93.38,122.955,"956,819",20.7518,0.5723,"140,900,600"
CAMPBELL SOUP COMPANY (XNYS:CPB),CPB,CAMPBELL SOUP COMPANY,Consumer Staples,United States,"16,216,930,000",54.1,40.78,54.18,"2,282,529",21.5998,0.3937,"299,758,400"
"EXPEDIA GROUP, INC. (XNAS:EXPE)",EXPE,"EXPEDIA GROUP, INC.",Consumer Discretionary,United States,"16,185,060,000",103.69,85.02,217.72,"2,638,749",20.3583,1.539,"156,090,900"
HOWMET AEROSPACE INC. (XNYS:HWM),HWM,HOWMET AEROSPACE INC.,Industrials,United States,"16,167,870,000",39.08,28.51,39.24,"3,396,182",37.9605,1.5931,"413,712,000"
OMNICOM GROUP INC. (XNYS:OMC),OMC,OMNICOM GROUP INC.,Communication Services,United States,"16,038,000,000",78.66,61.31,91.61,"1,231,230",12.8254,0.8908,"203,916,100"
IRON MOUNTAIN INCORPORATED (XNYS:IRM),IRM,IRON MOUNTAIN INCORPORATED,Real Estate,United States,"16,006,710,000",55.06,41.67,58.61,"1,325,175",32.4289,0.8801,"290,714,100"
"THE COOPER COMPANIES, INC. (XNYS:COO)",COO,"THE COOPER COMPANIES, INC.",Health Care,United States,"15,905,200,000",322.32,244.215,430.67,"348,300",37.2945,0.9487,"49,345,980"
SYNCHRONY FINANCIAL (XNYS:SYF),SYF,SYNCHRONY FINANCIAL,Financials,United States,"15,904,110,000",35.3,27.215,50.2,"4,624,185",5.5845,1.5969,"450,541,400"
JACOBS SOLUTIONS INC. (XNYS:J),J,JACOBS SOLUTIONS INC.,Industrials,United States,"15,802,900,000",125.09,106.78,150.32,"569,715",35.0339,0.8844,"126,332,300"
AVERY DENNISON CORPORATION (XNYS:AVY),AVY,AVERY DENNISON CORPORATION,Materials,United States,"15,594,630,000",192.6,151.62,219.4133,"531,375",19.468,0.9902,"80,969,010"
"ALIGN TECHNOLOGY, INC. (XNAS:ALGN)",ALGN,"ALIGN TECHNOLOGY, INC.",Health Care,United States,"15,498,270,000",198.41,172.05,688.6,"1,116,148",30.7198,1.6523,"78,112,350"
ROYAL CARIBBEAN CRUISES LTD. (XNYS:RCL),RCL,ROYAL CARIBBEAN CRUISES LTD.,Consumer Discretionary,United States,"15,441,060,000",60.51,31.09,90.55,"5,047,666",0,2.4196,"255,182,000"
APA CORPORATION (XNAS:APA),APA,APA CORPORATION,Energy,United States,"15,146,420,000",47.11,22.94,51.95,"6,483,023",4.5016,3.6575,"321,511,800"
"LEIDOS HOLDINGS, INC. (XNYS:LDOS)",LDOS,"LEIDOS HOLDINGS, INC.",Industrials,United States,"15,102,830,000",110.49,81.07,111.12,"912,792",22.6422,0.8079,"136,689,600"
TRIMBLE INC. (XNAS:TRMB),TRMB,TRIMBLE INC.,Information Technology,United States,"15,053,970,000",61.04,49.99,89.3,"1,337,543",32.0496,1.5434,"246,624,700"
"SKYWORKS SOLUTIONS, INC. (XNAS:SWKS)",SWKS,"SKYWORKS SOLUTIONS, INC.",Information Technology,United States,"15,048,730,000",93.96,76.16,164.47,"2,058,396",12.0513,1.2113,"160,161,100"
"NVR, Inc. (XNYS:NVR)",NVR,"NVR, Inc.",Consumer Discretionary,United States,"14,981,040,000",4687.6,3576.01,5982.445,"18,615",10.4683,0.9481,"3,195,890"
TEXTRON INC. (XNYS:TXT),TXT,TEXTRON INC.,Industrials,United States,"14,885,410,000",71.3,57.11,79.45,"1,149,260",18.4229,1.5107,"208,771,500"
PTC INC. (XNAS:PTC),PTC,PTC INC.,Information Technology,United States,"14,856,680,000",126.47,96.55,133.14,"982,709",47.7649,1.1759,"117,472,000"
"AKAMAI TECHNOLOGIES, INC. (XNAS:AKAM)",AKAM,"AKAMAI TECHNOLOGIES, INC.",Information Technology,United States,"14,747,750,000",93.79,76.28,123.25,"1,583,079",30.0551,0.7085,"157,242,300"
LKQ CORPORATION (XNAS:LKQ),LKQ,LKQ CORPORATION,Consumer Discretionary,United States,"14,710,650,000",55.06,42.36,60.4299,"1,471,735",13.1437,1.3765,"267,175,000"
EQT CORPORATION (XNYS:EQT),EQT,EQT CORPORATION,Energy,United States,"14,656,150,000",39.93,18.59,51.97,"5,903,548",8.6884,1.1622,"367,046,000"
"NETAPP, INC. (XNAS:NTAP)",NTAP,"NETAPP, INC.",Information Technology,United States,"14,439,600,000",66.43,60.56,96.82,"1,575,220",10.0714,1.1542,"217,365,700"
"TERADYNE, INC. (XNAS:TER)",TER,"TERADYNE, INC.",Information Technology,United States,"14,433,920,000",92.67,67.81,168.91,"1,558,978",20.8867,1.5296,"155,756,100"
"UNITED AIRLINES HOLDINGS, INC. (XNAS:UAL)",UAL,"UNITED AIRLINES HOLDINGS, INC.",Industrials,United States,"14,348,861,142",43.89,30.54,53.115,"6,148,891",8.7719,1.3286,"326,927,800"
"FLEETCOR TECHNOLOGIES, INC. (XNYS:FLT)",FLT,"FLEETCOR TECHNOLOGIES, INC.",Information Technology,United States,"14,278,460,000",193.6,161.69,265.295,"586,470",15.9279,1.2093,"73,752,360"
"TYLER TECHNOLOGIES, INC. (XNYS:TYL)",TYL,"TYLER TECHNOLOGIES, INC.",Information Technology,United States,"14,250,010,000",342.22,281.11,544.045,"384,320",77.2657,0.8413,"41,639,900"
MGM RESORTS INTERNATIONAL (XNYS:MGM),MGM,MGM RESORTS INTERNATIONAL,Consumer Discretionary,United States,"14,239,470,000",37.07,26.41,49,"5,430,758",12.6775,2.0435,"384,020,300"
ZEBRA TECHNOLOGIES CORPORATION (XNAS:ZBRA),ZBRA,ZEBRA TECHNOLOGIES CORPORATION,Information Technology,United States,"14,190,970,000",274.86,224.865,615,"609,555",31.3745,1.6096,"51,629,800"
"ESSEX PROPERTY TRUST, INC. (XNYS:ESS)",ESS,"ESSEX PROPERTY TRUST, INC.",Real Estate,United States,"14,098,200,000",217.72,205.76,363.36,"658,352",39.426,0.7436,"64,753,810"
"HEALTHPEAK PROPERTIES, INC. (XNYS:PEAK)",PEAK,"HEALTHPEAK PROPERTIES, INC.",Real Estate,United States,"14,072,800,000",26.18,21.41,36.85,"4,131,136",27.7146,0.8295,"537,540,200"
KIMCO REALTY CORPORATION (XNYS:KIM),KIM,KIMCO REALTY CORPORATION,Real Estate,United States,"13,983,400,000",22.605,17.71,26.565,"3,973,154",59.9894,1.4096,"618,460,800"
"JACK HENRY & ASSOCIATES, INC. (XNAS:JKHY)",JKHY,"JACK HENRY & ASSOCIATES, INC.",Information Technology,United States,"13,977,110,000",191.6,153.17,212.62,"616,441",38.202,0.6336,"72,949,430"
NORDSON CORPORATION (XNAS:NDSN),NDSN,NORDSON CORPORATION,Industrials,United States,"13,840,410,000",241.92,194.89,271.9,"240,417",29.3234,0.9232,"57,210,700"
ALLIANT ENERGY CORPORATION (XNAS:LNT),LNT,ALLIANT ENERGY CORPORATION,Utilities,United States,"13,756,010,000",54.8,47.19,65.37,"1,581,715",20.6608,0.5057,"251,022,000"
LOEWS CORPORATION (XNYS:L),L,LOEWS CORPORATION,Financials,United States,"13,692,420,000",57.67,49.36,68.2,"756,966",14.4515,0.8517,"237,427,000"
"Cboe Global Markets, Inc. (BATS:CBOE)",CBOE,"Cboe Global Markets, Inc.",Financials,United States,"13,613,530,000",128.36,103.8197,133.02,"922,176",62.534,0.5703,"106,082,200"
"FRANKLIN RESOURCES, INC. (XNYS:BEN)",BEN,"FRANKLIN RESOURCES, INC.",Financials,United States,"13,612,970,000",27.25,20.2373,36.45,"3,741,065",10.7781,1.2652,"499,558,600"
"MATCH GROUP, INC. (XNAS:MTCH)",MTCH,"MATCH GROUP, INC.",Communication Services,United States,"13,593,830,000",48.67,40.23,141.396,"4,606,920",128.7123,0.8485,"279,306,100"
"DOMINO'S PIZZA, INC. (XNYS:DPZ)",DPZ,"DOMINO'S PIZZA, INC.",Consumer Discretionary,United States,"13,549,470,000",382.76,299.41,567.57,"607,137",31.0125,0.7274,"35,399,380"
VIATRIS INC. (XNAS:VTRS),VTRS,VIATRIS INC.,Health Care,United States,"13,545,690,000",11.17,8.42,15.6,"10,651,151",16.9314,1.1997,"1,212,685,000"
"Evergy, Inc. (XNYS:EVRG)",EVRG,"Evergy, Inc.",Utilities,United States,"13,427,880,000",58.5,54.12,73.125,"2,805,433",16.8836,0.5089,"229,536,400"
"UDR, INC. (XNYS:UDR)",UDR,"UDR, INC.",Real Estate,United States,"13,347,210,000",41,37.18,61.06,"2,304,565",83.0296,0.7034,"325,541,800"
PARAMOUNT GLOBAL (XNAS:PARA),PARA,PARAMOUNT GLOBAL,Communication Services,United States,"13,340,890,000",20.38,15.29,39.21,"14,799,429",4.3183,1.5125,"649,174,400"
BIO-TECHNE CORPORATION (XNAS:TECH),TECH,BIO-TECHNE CORPORATION,Health Care,United States,"13,293,750,000",84.69,68.0025,130.74,"1,401,050",47.4539,1.2682,"156,969,500"
SVB FINANCIAL GROUP (XNAS:SIVB),SIVB,SVB FINANCIAL GROUP,Financials,United States,"13,293,700,000",224.92,204.37,752.68,"1,095,546",8.3491,1.5049,"59,104,120"
"HOST HOTELS & RESORTS, INC. (XNAS:HST)",HST,"HOST HOTELS & RESORTS, INC.",Real Estate,United States,"13,278,070,000",18.57,15.1,21.63,"6,452,238",16.5134,1.2503,"715,027,800"
INTERNATIONAL PAPER COMPANY (XNYS:IP),IP,INTERNATIONAL PAPER COMPANY,Materials,United States,"13,195,360,000",37.1,30.69,50.23,"3,323,485",7.0483,1.0058,"355,670,000"
"THE INTERPUBLIC GROUP OF COMPANIES, INC. (XNYS:IPG)",IPG,"THE INTERPUBLIC GROUP OF COMPANIES, INC.",Communication Services,United States,"13,089,400,000",33.69,25.14,39.98,"3,198,154",13.3939,1.0956,"388,524,700"
"EVEREST RE GROUP, LTD. (XNYS:RE)",RE,"EVEREST RE GROUP, LTD.",Financials,Bermuda,"13,060,360,000",333.47,244.575,340.66,"338,207",24.8935,0.6078,"39,165,030"
SNAP-ON INCORPORATED (XNYS:SNA),SNA,SNAP-ON INCORPORATED,Industrials,United States,"13,020,760,000",244.96,190.08,245.56,"268,602",14.8431,1.0928,"53,154,640"
V.F. CORPORATION (XNYS:VFC),VFC,V.F. CORPORATION,Consumer Discretionary,United States,"12,908,170,000",33.23,26.46,78.17,"6,388,946",30.8684,1.4025,"388,566,100"
POOL CORPORATION (XNAS:POOL),POOL,POOL CORPORATION,Consumer Discretionary,United States,"12,903,500,000",330.43,278.1004,571.45,"480,758",16.8949,0.8201,"39,050,620"
CAMDEN PROPERTY TRUST (XNYS:CPT),CPT,CAMDEN PROPERTY TRUST,Real Estate,United States,"12,770,580,000",119.88,107.9,180.37,"884,848",15.8522,0.7534,"106,528,000"
PACKAGING CORPORATION OF AMERICA (XNYS:PKG),PKG,PACKAGING CORPORATION OF AMERICA,Materials,United States,"12,753,100,000",137.82,110.555,168.5,"813,840",12.5498,0.8769,"92,534,480"
"LAMB WESTON HOLDINGS, INC. (XNYS:LW)",LW,"LAMB WESTON HOLDINGS, INC.",Consumer Staples,United States,"12,618,310,000",87.73,49.71,88.04,"1,659,615",31.5664,0.5267,"143,831,200"
"BIO-RAD LABORATORIES, INC. (XNYS:BIO)",BIO,"BIO-RAD LABORATORIES, INC.",Health Care,United States,"12,425,020,000",419.06,344.63,770.76,"284,690",2.4802,0.9292,"29,824,130"
Carnival Corp (XNYS:CCL),CCL,Carnival Corp,Consumer Discretionary,United States,"12,372,970,000",10,6.11,23.8564,"55,327,283",0,2.1341,"1,258,272,000"
"STANLEY BLACK & DECKER, INC. (XNYS:SWK)",SWK,"STANLEY BLACK & DECKER, INC.",Industrials,United States,"12,122,350,000",81.91,70.24,196.52,"1,980,810",23.7,1.2495,"147,941,800"
MOLSON COORS BEVERAGE COMPANY (XNYS:TAP),TAP,MOLSON COORS BEVERAGE COMPANY,Consumer Staples,United States,"12,048,690,000",55.57,42.6,60.12,"1,261,991",24.4034,0.8783,"216,546,200"
CELANESE CORPORATION (XNYS:CE),CE,CELANESE CORPORATION,Materials,United States,"11,830,590,000",109.11,86.705,176.5,"1,213,153",7.182,1.2581,"108,428,100"
GLOBE LIFE INC. (XNYS:GL),GL,GLOBE LIFE INC.,Financials,United States,"11,783,320,000",121.14,85.44,122.12,"651,137",17.0908,0.8382,"97,270,230"
MASCO CORPORATION (XNYS:MAS),MAS,MASCO CORPORATION,Industrials,United States,"11,483,940,000",50.92,42.33,71.055,"1,916,859",13.9617,1.1686,"225,529,100"
"C.H. ROBINSON WORLDWIDE, INC. (XNAS:CHRW)",CHRW,"C.H. ROBINSON WORLDWIDE, INC.",Industrials,United States,"11,383,680,000",96.71,86.57,121.23,"1,661,025",11.7308,0.7583,"117,709,500"
TELEFLEX INCORPORATED (XNYS:TFX),TFX,TELEFLEX INCORPORATED,Health Care,United States,"11,378,560,000",242.58,182.65,356.72,"410,254",27.8655,1.0851,"46,906,440"
"CHARLES RIVER LABORATORIES INTERNATIONAL, INC. (XNYS:CRL)",CRL,"CHARLES RIVER LABORATORIES INTERNATIONAL, INC.",Health Care,United States,"11,328,640,000",222.66,181.36,379.65,"688,261",26.2245,1.2989,"50,878,660"
"HENRY SCHEIN, INC. (XNAS:HSIC)",HSIC,"HENRY SCHEIN, INC.",Health Care,United States,"11,289,760,000",83.29,64.75,92.68,"1,327,855",18.1308,0.8284,"135,547,600"
REGENCY CENTERS CORPORATION (XNAS:REG),REG,REGENCY CENTERS CORPORATION,Real Estate,United States,"11,261,590,000",65.81,51.97,78.78,"816,844",24.8294,1.1255,"171,122,700"
WESTERN DIGITAL CORPORATION (XNAS:WDC),WDC,WESTERN DIGITAL CORPORATION,Information Technology,United States,"11,260,700,000",35.45,31.561,69.36,"4,083,440",12.1957,1.5488,"317,650,300"
NISOURCE INC. (XNYS:NI),NI,NISOURCE INC.,Utilities,United States,"11,197,120,000",27.57,23.78,32.585,"5,395,894",17.9091,0.4587,"406,134,300"
"BOSTON PROPERTIES, INC. (XNYS:BXP)",BXP,"BOSTON PROPERTIES, INC.",Real Estate,United States,"11,084,130,000",70.73,68.8,133.11,"1,685,637",12.1906,1.0478,"156,754,700"
NEWS CORPORATION (XNAS:NWSA),NWSA,NEWS CORPORATION,Communication Services,United States,"11,065,920,000",19.12,14.87,23.73,"3,118,231",24.0418,1.2937,"575,627,800"
NEWS CORPORATION (XNAS:NWS),NWS,NEWS CORPORATION,Communication Services,United States,"11,065,920,000",19.43,15.15,24.16,"1,183,811",23.4455,1.2937,"575,627,800"
"CAESARS ENTERTAINMENT, INC. (XNAS:CZR)",CZR,"CAESARS ENTERTAINMENT, INC.",Consumer Discretionary,United States,"11,024,410,000",51.38,31.31,97.39,"4,228,707",20.4904,2.812,"214,566,100"
"CARMAX, INC. (XNYS:KMX)",KMX,"CARMAX, INC.",Consumer Discretionary,United States,"10,996,300,000",69.59,54.85,152.28,"1,926,956",14.0458,1.43,"158,015,500"
SEAGATE TECHNOLOGY HOLDINGS PUBLIC LIMITED COMPANY (XNAS:STX),STX,SEAGATE TECHNOLOGY HOLDINGS PUBLIC LIMITED COMPANY,Information Technology,Ireland,"10,935,890,000",52.97,47.47,117.67,"2,439,575",10.2074,1.1154,"206,454,400"
CERIDIAN HCM HOLDING INC. (XNYS:CDAY),CDAY,CERIDIAN HCM HOLDING INC.,Information Technology,United States,"10,708,630,000",69.72,43.23,109.18,"2,116,212",0,1.455,"153,594,900"
"JUNIPER NETWORKS, INC. (XNYS:JNPR)",JNPR,"JUNIPER NETWORKS, INC.",Information Technology,United States,"10,664,890,000",32.86,25.18,38.14,"3,506,294",25.6053,0.9181,"324,555,500"
MARKETAXESS HOLDINGS INC. (XNAS:MKTX),MKTX,MARKETAXESS HOLDINGS INC.,Financials,United States,"10,581,970,000",281.16,217.44,422.6,"358,254",43.6437,0.6661,"37,636,820"
EASTMAN CHEMICAL COMPANY (XNYS:EMN),EMN,EASTMAN CHEMICAL COMPANY,Materials,United States,"10,501,560,000",87.52,69.91,129.475,"1,083,512",9.6472,1.4956,"119,990,400"
"PULTEGROUP, INC. (XNYS:PHM)",PHM,"PULTEGROUP, INC.",Consumer Discretionary,United States,"10,158,480,000",44.59,35.0324,58.09,"2,426,377",4.5017,1.2851,"227,819,700"
ALLEGION PUBLIC LIMITED COMPANY (XNYS:ALLE),ALLE,ALLEGION PUBLIC LIMITED COMPANY,Industrials,United States,"10,059,990,000",114.52,87.33,133.74,"664,082",23.33,1.0829,"87,844,820"
"BATH & BODY WORKS, INC. (XNYS:BBWI)",BBWI,"BATH & BODY WORKS, INC.",Consumer Discretionary,United States,"10,018,260,000",43.86,25.75,77.47,"5,033,107",11.4729,1.7187,"228,414,600"
BORGWARNER INC. (XNYS:BWA),BWA,BORGWARNER INC.,Consumer Discretionary,United States,"9,993,689,000",42.68,31.14,50.09,"2,071,922",12.4055,1.4424,"234,153,900"
"QORVO, INC. (XNAS:QRVO)",QRVO,"QORVO, INC.",Information Technology,United States,"9,854,043,000",97.19,75.38,163.95,"1,340,600",15.2601,1.3845,"101,389,500"
"WYNN RESORTS, LIMITED (XNAS:WYNN)",WYNN,"WYNN RESORTS, LIMITED",Consumer Discretionary,United States,"9,648,652,000",85.15,50.2,96.5,"4,007,764",69.5832,1.97,"113,313,600"
WESTROCK COMPANY (XNYS:WRK),WRK,WESTROCK COMPANY,Materials,United States,"9,631,462,000",37.85,30.08,54.78,"2,170,176",10.3836,1.1456,"254,464,000"
"HUNTINGTON INGALLS INDUSTRIES, INC. (XNYS:HII)",HII,"HUNTINGTON INGALLS INDUSTRIES, INC.",Industrials,United States,"9,603,983,000",240.68,176.87,260.02,"491,971",16.7628,0.6279,"39,903,540"
"NRG ENERGY, INC. (XNYS:NRG)",NRG,"NRG ENERGY, INC.",Utilities,United States,"9,503,349,000",41.25,34.91,47.82,"2,675,187",5.2345,0.8376,"230,384,200"
"Catalent, Inc. (XNYS:CTLT)",CTLT,"Catalent, Inc.",Health Care,United States,"9,403,098,000",52.25,40.69,130.97,"4,396,761",22.3522,1.2297,"179,963,600"
"TAPESTRY, INC. (XNYS:TPR)",TPR,"TAPESTRY, INC.",Consumer Discretionary,United States,"9,351,708,000",38.82,26.39,44.35,"3,801,266",12.3307,1.4189,"240,961,300"
"F5, INC. (XNAS:FFIV)",FFIV,"F5, INC.",Information Technology,United States,"9,293,144,000",153.94,133.675,249,"521,760",29.1486,1.0921,"60,368,610"
"UNIVERSAL HEALTH SERVICES, INC. (XNYS:UHS)",UHS,"UNIVERSAL HEALTH SERVICES, INC.",Health Care,United States,"9,236,523,000",129.35,82.5,158.28,"764,154",13.3114,1.309,"71,410,430"
A. O. SMITH CORPORATION (XNYS:AOS),AOS,A. O. SMITH CORPORATION,Industrials,United States,"9,224,586,000",60.38,46.58,86.737,"1,128,851",19.1963,1.2338,"152,775,500"
COMERICA INCORPORATED (XNYS:CMA),CMA,COMERICA INCORPORATED,Financials,United States,"9,182,384,000",70.12,64.11,102.09,"1,546,120",9.288,1.2106,"130,952,400"
AMERICAN AIRLINES GROUP INC. (XNAS:AAL),AAL,AMERICAN AIRLINES GROUP INC.,Industrials,United States,"9,079,115,000",13.97,11.6514,21.42,"25,106,940",3.3196,1.4701,"649,900,900"
"ADVANCE AUTO PARTS, INC. (XNYS:AAP)",AAP,"ADVANCE AUTO PARTS, INC.",Consumer Discretionary,United States,"9,067,596,000",153.03,145.14,244.55,"1,272,706",19.6314,1.1851,"59,253,720"
FEDERAL REALTY INVESTMENT TRUST (XNYS:FRT),FRT,FEDERAL REALTY INVESTMENT TRUST,Real Estate,United States,"8,887,565,000",109.44,86.43,140.51,"557,300",23.2045,1.1607,"81,209,480"
PINNACLE WEST CAPITAL CORPORATION (XNYS:PNW),PNW,PINNACLE WEST CAPITAL CORPORATION,Utilities,United States,"8,838,513,000",78.12,59.03,80.51,"861,959",17.7714,0.4209,"113,140,200"
"Hasbro, Inc. (XNAS:HAS)",HAS,"Hasbro, Inc.",Consumer Discretionary,United States,"8,743,979,000",63.31,55.15,105.73,"1,674,340",21.2164,0.7494,"138,113,700"
INVESCO LTD. (XNYS:IVZ),IVZ,INVESCO LTD.,Financials,United States,"8,682,132,000",19.09,13.2,25.33,"5,323,768",9.5563,1.3641,"454,800,000"
Signature Bank (XNAS:SBNY),SBNY,Signature Bank,Financials,United States,"8,558,335,000",136,129.96,374.76,"1,124,007",6.6444,1.6143,"62,928,930"
ROBERT HALF INTERNATIONAL INC. (XNYS:RHI),RHI,ROBERT HALF INTERNATIONAL INC.,Industrials,United States,"8,406,467,000",77.48,65.4,125.77,"946,189",12.5634,1.2869,"108,498,500"
DISH NETWORK CORPORATION (XNAS:DISH),DISH,DISH NETWORK CORPORATION,Communication Services,United States,"8,257,788,000",15.56,12.55,37.2799,"4,137,685",5.1661,1.8097,"530,706,200"
"FORTUNE BRANDS HOME & SECURITY, INC. (XNYS:FBHS)",FBHS,"FORTUNE BRANDS HOME & SECURITY, INC.",Industrials,United States,"8,153,660,000",63.58,52.95,108.41,"1,311,761",11.2495,1.5603,"128,242,500"
WHIRLPOOL CORPORATION (XNYS:WHR),WHR,WHIRLPOOL CORPORATION,Consumer Discretionary,United States,"7,960,377,000",146.12,124.43,245.44,"706,525",24.8172,1.5192,"54,478,350"
"ZIONS BANCORPORATION, NATIONAL ASSOCIATION (XNAS:ZION)",ZION,"ZIONS BANCORPORATION, NATIONAL ASSOCIATION",Financials,United States,"7,817,528,000",52.25,46.58,75.44,"1,396,951",9.884,1.1531,"149,617,800"
SEALED AIR CORPORATION (XNYS:SEE),SEE,SEALED AIR CORPORATION,Materials,United States,"7,740,624,000",53.51,41.24,70.725,"1,329,245",14.0541,1.2133,"144,657,500"
PENTAIR PUBLIC LIMITED COMPANY (XNYS:PNR),PNR,PENTAIR PUBLIC LIMITED COMPANY,Industrials,United Kingdom,"7,673,848,000",46.65,38.55,75.95,"1,506,053",14.4648,1.0751,"164,498,400"
RALPH LAUREN CORPORATION (XNYS:RL),RL,RALPH LAUREN CORPORATION,Consumer Discretionary,United States,"7,623,781,000",115.58,82.2311,135.99,"972,168",15.9931,1.3812,"65,972,490"
NORWEGIAN CRUISE LINE HOLDINGS LTD. (XNYS:NCLH),NCLH,NORWEGIAN CRUISE LINE HOLDINGS LTD.,Consumer Discretionary,United States,"6,969,892,000",16.54,10.31,23.9,"16,902,565",0,2.4407,"421,396,100"
DENTSPLY SIRONA INC. (XNAS:XRAY),XRAY,DENTSPLY SIRONA INC.,Health Care,United States,"6,808,409,000",31.68,26.48,58.7,"2,729,059",19.7185,0.9258,"214,911,900"
ORGANON & CO. (XNYS:OGN),OGN,ORGANON & CO.,Health Care,United States,"6,796,617,000",26.715,22.88,39.475,"1,992,460",6.7399,0.78,"254,364,400"
"ASSURANT, INC. (XNYS:AIZ)",AIZ,"ASSURANT, INC.",Financials,United States,"6,787,782,000",128.48,119.01,194.12,"710,363",21.5444,0.5,"52,831,430"
DAVITA INC. (XNYS:DVA),DVA,DAVITA INC.,Health Care,United States,"6,698,034,000",74.3,65.28,124.81,"1,166,868",10.8825,0.9905,"90,100,000"
DXC TECHNOLOGY COMPANY (XNYS:DXC),DXC,DXC TECHNOLOGY COMPANY,Information Technology,United States,"6,639,682,000",28.86,22.65,39.65,"1,991,794",9.4112,1.9423,"230,065,200"
LINCOLN NATIONAL CORPORATION (XNYS:LNC),LNC,LINCOLN NATIONAL CORPORATION,Financials,United States,"6,568,944,000",38.82,32.59,76.4,"2,894,983",6.7282,1.7234,"169,215,500"
"MOHAWK INDUSTRIES, INC. (XNYS:MHK)",MHK,"MOHAWK INDUSTRIES, INC.",Consumer Discretionary,United States,"6,486,189,000",102.09,87.015,192,"537,552",39.7692,1.2756,"63,534,030"
GENERAC HOLDINGS INC. (XNYS:GNRC),GNRC,GENERAC HOLDINGS INC.,Industrials,United States,"6,379,990,000",100.735,95.92,384.06,"2,121,420",15.1684,1.1393,"63,356,400"
"ALASKA AIR GROUP, INC. (XNYS:ALK)",ALK,"ALASKA AIR GROUP, INC.",Industrials,United States,"5,923,327,000",46.7,38.185,61.55,"1,166,090",158.0693,1.4364,"126,837,800"
"LUMEN TECHNOLOGIES, INC. (XNYS:LUMN)",LUMN,"LUMEN TECHNOLOGIES, INC.",Communication Services,United States,"5,700,551,000",5.51,5.29,13.93,"27,603,692",2.7592,0.9941,"1,034,583,000"
NEWELL BRANDS INC. (XNAS:NWL),NWL,NEWELL BRANDS INC.,Consumer Discretionary,United States,"5,372,664,000",12.99,12.245,26.45,"4,965,568",9.6895,0.8422,"413,600,000"
VORNADO REALTY TRUST (XNYS:VNO),VNO,VORNADO REALTY TRUST,Real Estate,United States,"4,667,805,000",24.34,20.03,47.26,"3,828,571",48.6722,1.2348,"191,775,100"
ABCAM PLC (XLON:ABC),ABC,ABCAM PLC,Health Care,United States,"3,138,732,000",1341,1013.565,1760,"469,310",465.6463,0.3347,"229,271,900"
Lenzing AG (XETR:LEN),LEN,Lenzing AG,Consumer Discretionary,United States,"1,805,400,000",67,44.25,133.2,"33,280",27.11,0.8214,"26,550,000"
GENUIT GROUP PLC (XLON:GEN),GEN,GENUIT GROUP PLC,Information Technology,United States,"802,327,000",323.5,247,627,"714,200",16.9921,1.2487,"249,169,900"
